Ticker,DepreciationAndAmortization,OtherNonCashItems,ChangeInWorkingCapital,ChangeInOtherWorkingCapital,ChangesInAccountReceivables,ChangeInAccountPayable,ChangeInOtherCurrentAssets,ChangeInOtherCurrentLiabilities,OperatingCashFlow,CashFlowFromContinuingOperatingActivities,CapitalExpenditure,PurchaseOfPropertyPlantAndEquipment,SaleOfPropertyPlantAndEquipment,PurchaseOfIntangibleAssets,SaleOfIntangibleAssets,PurchaseOfInvestment,SaleOfInvestment,PurchaseOfBusiness,SaleOfBusiness,NetIntangiblesPurchaseAndSale,NetInvestmentPurchaseAndSale,NetPPEPurchaseAndSale,NetBusinessPurchaseAndSale,NetOtherInvestingChanges,InvestingCashFlow,CashFlowFromContinuingInvestingActivities,IssuanceOfCapitalStock,CommonStockIssuance,RepurchaseOfCapitalStock,CashDividendsPaid,IssuanceOfDebt,RepaymentOfDebt,IssuanceOfLongTermDebt,RepaymentOfLongTermDebt,NetBorrowings,NetOtherFinancingCharges,FinancingCashFlow,CashFlowFromContinuingFinancingActivities,EffectOfExchangeRateChanges,ChangeInCashSupplementalAsReported,BeginningCashPosition,EndCashPosition,FreeCashFlow
ACS.MC,866.2,408.1,596.06,,,,,,2792.87,,-660.85,,,,,-35.6,548.92,-1223.72,15.53,,513.32,-553.71,-1208.19,-6.4,-1248.58,,1.76,1.76,-625.35,-368.13,5512.9,-4350.25,,,,1789.3,496.66,,285.42,,9087.29,11413.66,2132.02
ACX.MC,159.91,12.6,106.6,,,,,,293.67,,-204.78,,,,,-0.59,0.38,-709.29,,-2.46,-0.21,-201.73,-709.29,16.78,-896.46,,,,-1.01,-154.54,1009.7,-809.65,,,,-74.9,-36.03,,107.94,,1793.68,1262.81,88.89
AMS.MC,700.2,,70.7,,,,-20.3,1.2,2146.0,,-788.1,,,,,-84.8,27.0,-372.7,0.2,-715.4,-57.8,-72.7,-372.5,17.8,-1146.4,,,,-362.4,-541.9,1001.0,-940.1,,,,-0.1,-990.1,,2.2,,1037.2,1048.9,1357.9
ANA.MC,1139.0,233.0,522.0,,,,,,2239.0,,-2731.0,,,,,,,,304.0,,,-2647.0,304.0,-122.0,-2465.0,,,,-46.0,-333.0,5693.0,-3942.0,,,,-456.0,760.0,,-8.0,,3714.0,4240.0,-492.0
ANE.MC,425.0,114.0,147.0,,,,157.0,,681.0,,-1630.0,,,,,,,-89.0,266.0,,,-1628.0,177.0,,-1451.0,,,,,-188.0,1275.0,-779.0,,,,227.0,522.0,,7.0,,736.0,495.0,-949.0
BBVA.MC,1533.0,13284.0,-37951.0,-36203.0,,,-2140.0,392.0,-18190.0,-18190.0,-2011.0,,,,,-1.0,32.0,-28.0,73.0,-816.0,31.0,-1091.0,45.0,408.0,-1423.0,-1423.0,691.0,691.0,-1529.0,-3913.0,5514.0,-2599.0,,,,-731.0,-2567.0,-2568.0,-2091.0,,75416.0,51145.0,-20201.0
BKT.MC,87.45,976.42,364.24,,,,13.68,-85.83,1941.44,,-151.1,,,,,,,0.0,0.0,-89.24,,-45.66,0.0,,-120.8,,78.6,78.6,-78.68,-462.35,200.0,0.0,,,,0.0,-262.44,,0.0,,613859.59,615417.81,1790.34
CABK.MC,778.0,1986.0,9734.0,,,,269.0,3554.0,16846.0,,-755.0,,,,,,,0.0,89.0,-433.0,,-234.0,89.0,,-152.0,,23.0,23.0,-1292.0,-3947.0,1750.0,-2000.0,,,,714.0,-4752.0,,1.0,,37861.0,49804.0,16091.0
CLNX.MC,2608.34,918.35,55.51,,,,48.77,,2306.57,,-2030.34,,,,,-34.46,0.0,-10.69,,,-34.46,-2030.34,-10.69,898.8,-1176.68,,40.1,40.1,,-44.28,1219.95,-1801.41,,,,-27.33,-1294.3,,-45.26,,1292.44,1082.77,276.24
COL.MC,7.33,41.07,62.26,,,,1.23,,362.41,,-4.24,,,,,-2.68,0.38,,0.24,-3.28,-2.3,-0.96,0.24,-6.27,-4.59,,345.41,345.41,-26.12,-180.0,130.0,-399.57,,,,-4.71,-252.89,,,,437.79,542.72,358.17
AENA.MC,847.81,-40.3,-52.01,,,,,,2746.94,,-825.18,,,,,-51.4,39.36,,,,-12.04,-796.53,,,-804.35,,2.11,2.11,,-1182.87,,,,,,-1248.39,-2429.15,,-55.28,,2363.12,1821.28,1921.76
ELE.MC,1903.0,811.0,-733.0,,,,-6.0,,3567.0,,-1846.0,,,,,-620.0,908.0,0.0,0.0,,288.0,-1816.0,0.0,195.0,-1333.0,,849.0,849.0,-14.0,-1058.0,818.0,-40.0,,,,-3263.0,-3500.0,,0.0,,2106.0,840.0,1721.0
ENG.MC,287.11,608.2,-73.71,,,,,,454.99,,-97.89,,,,,-15.88,0.0,-26.28,910.03,,-15.88,-97.89,883.75,160.99,930.98,,0.0,0.0,-6.21,-378.89,611.62,-1143.24,,,,-45.85,-962.57,,33.78,,838.48,1295.67,357.1
FDR.MC,160.91,68.3,39.12,,,,,,310.6,,-73.11,,,,,-14.18,16.2,-5.69,,-33.64,2.02,-37.11,-5.69,,-74.29,,109.22,109.22,-108.87,-107.72,,-39.33,,,,0.01,-190.59,,3.61,,112.88,162.21,237.49
FER.MC,441.0,-37.0,-220.0,,,,,,1293.0,1293.0,-226.0,,,,,,,-1286.0,2582.0,,,-226.0,1296.0,257.0,1313.0,1313.0,,,-973.0,-130.0,150.0,-761.0,,,,-413.0,-2591.0,-2591.0,59.0,,4789.0,4828.0,1067.0
GRF.MC,437.9,696.31,22.38,,,,9.64,,902.17,902.17,-371.37,,,,,-43.85,0.0,-285.87,,-138.83,-43.85,-209.04,-285.87,1564.26,886.67,886.67,,,0.0,-0.96,,-111.49,,,,-1246.26,-1358.71,-1358.71,20.08,,529.58,979.78,530.8
IAG.MC,2364.0,169.0,-82.0,,,,336.0,,6372.0,,-2816.0,,,,,-215.0,0.0,-50.0,,,-215.0,-2232.0,-50.0,-5.0,-2502.0,,,,-202.0,-149.0,1474.0,-410.0,,,,-151.0,-1175.0,,53.0,,5441.0,8189.0,3556.0
IBE.MC,7412.0,1252.0,-1118.0,,,,,,11925.0,,-8375.0,,,,,-1677.0,460.0,-3366.0,5680.0,-710.0,-1217.0,-7665.0,2314.0,-626.0,-8397.0,,79.0,79.0,-2076.0,-1166.0,19041.0,-13118.0,,,,-2469.0,-2267.0,,-198.0,,3019.0,4082.0,3550.0
IDR.MC,106.95,21.08,-5.45,,,,,,450.89,,-111.0,,,,,-92.14,60.72,-92.14,,-87.44,-31.42,-23.3,-92.14,41.36,-81.91,,121.36,121.36,-150.12,-44.1,,-185.81,,,,-27.7,-333.72,,-15.02,,595.74,555.15,339.89
ITX.MC,2997.0,334.0,-198.0,,,,,,9288.0,,-2672.0,,,,,-709.0,55.0,-14.0,,-465.0,-654.0,-2207.0,-14.0,52.0,-3288.0,,,,,-4797.0,,0.0,,,,-1810.06,-6607.0,,-18.0,,7007.0,6382.0,6616.0
LOG.MC,165.47,-92.92,-75.81,,,,,-50.22,397.31,,-47.09,,,,,,,-19.98,0.0,-8.41,,-22.68,-19.98,,-51.08,,,,-2.78,-253.38,,,,,,-53.9,-370.02,,,,192.96,169.17,350.22
MAP.MC,,,,,,,,,,,-287.4,,,,,-15308.1,13631.1,-1748.2,1906.4,-227.3,-1677.0,-57.7,158.2,-79.0,-746.9,,9.7,9.7,0.0,-1098.9,0.0,0.0,,,,93.0,-1087.7,,-3.7,,2086.0,1746.7,1211.6
MRL.MC,4.35,92.55,31.82,,,,4.13,,316.78,,-19.48,,,,,,,-53.47,,-0.71,,-18.77,-53.47,,-294.38,,899.54,899.54,,-105.17,390.9,-13.64,,,,-102.58,1069.05,,,,461.22,1552.68,297.3
MTS.MC,2632.0,-335.0,-185.0,-287.0,-192.0,56.0,,,4852.0,4852.0,-4405.0,,,,,,,-1352.0,0.0,,216.0,-3837.0,-1352.0,-14.0,-4987.0,-4987.0,,,-1300.0,-393.0,2484.0,-1456.0,,,,-15.0,-680.0,-680.0,-471.0,,7686.0,6400.0,447.0
NTGY.MC,10.0,-1342.0,17.0,,,,0.0,,1219.0,,-4.0,,,,,-1.0,10.0,-1005.0,225.0,0.0,9.0,-4.0,-780.0,,-775.0,,5.0,5.0,-10.0,-1454.0,2321.0,-2689.0,,,,,-1827.0,,,,2981.0,1598.0,1215.0
PUIG.MC,210.5,26.11,41.23,,,,,,739.69,,-190.92,,,,,,,-1076.76,,,18.03,-190.78,-1076.76,,-1240.55,,1377.09,1377.09,-0.36,-192.52,658.57,-1224.87,,,,,538.35,,-7.74,,852.9,882.65,548.77
RED.MC,461.69,41.49,-231.74,,,,,,955.63,,-1078.63,,,,,-1669.81,1522.35,-1.84,,,-147.46,-1078.63,-1.84,280.56,-947.38,,7.28,7.28,,-572.47,,,,,,889.66,324.46,,1.4,,555.53,889.64,-123.0
REP.MC,2932.0,49.0,-8.0,,,,,,4965.0,,-4725.0,,,,,-2296.0,4347.0,-997.0,208.0,,2051.0,-4227.0,-789.0,271.0,-2694.0,,285.0,285.0,-1135.0,-1153.0,,,,,,1100.0,-1641.0,,-1.0,,4129.0,4758.0,240.0
ROVI.MC,28.02,0.89,8.96,,,,0.04,,138.28,,-62.22,,,,,,0.08,-19.09,0.0,-3.1,0.08,-59.08,-19.09,,-81.06,,41.92,41.92,-89.71,-56.45,96.95,-51.71,,,,5.41,-55.36,,,,25.32,27.19,76.06
SAB.MC,501.04,1271.13,-14295.8,,,,392.89,-770.11,-11071.46,,-547.09,,,,,,,-1.69,102.2,-346.19,,-81.17,100.5,,-245.92,,35.42,35.42,-113.78,-591.33,500.0,0.0,,,,-212.6,-382.29,,95.93,,29985.85,18382.11,-11618.55
SAN.MC,3294.0,25067.0,-60380.0,-52295.0,,,-1135.0,-6950.0,-24155.0,-24155.0,-10598.0,,,,,-686.0,681.0,-71.0,8.0,-2104.0,-5.0,-2528.0,-63.0,988.0,-3712.0,-3712.0,765.0,765.0,-4789.0,-3017.0,7001.0,-4096.0,,,,-1374.0,-5510.0,-5510.0,5243.0,,220342.0,192208.0,-34753.0
SCYR.MC,162.84,17.42,785.78,,,,,,1293.88,,-332.55,,,,,-590.49,4.29,,,,-586.2,-249.46,,,-746.23,,220.29,220.29,-8.72,-8.04,3679.42,-3453.39,,,,-195.93,-519.72,,-82.81,,1680.37,1620.76,961.34
SLR.MC,43.66,8.53,-20.57,,,,-9.04,,115.32,,-187.38,,,,,,,,,,,-187.38,,,-187.38,,,,,,155.26,-97.81,,,,,49.12,,,,77.29,54.35,-72.07
TEF.MC,,,,,,,,,,,-5790.0,,,,,-1196.0,1451.0,-189.0,220.0,,255.0,-5521.0,31.0,12.0,-5223.0,-5223.0,,,,-1757.0,3547.0,-4406.0,,,,-2056.0,-4672.0,-4672.0,-191.0,,7151.0,8062.0,5204.0
UNI.MC,86.85,440.08,-1381.56,,,,214.79,-512.5,-355.53,,-51.02,,,,,,,-0.77,18.42,-33.21,,120.96,17.66,,234.08,,40.38,40.38,-140.09,-286.16,300.0,-300.0,,,,-30.95,-416.81,,0.0,,8040.03,7501.78,-406.55
AC.PA,341.0,5.0,-79.0,,,,-79.0,,733.0,,-293.0,,,,,,,-282.0,88.0,,,-293.0,-194.0,1.0,-358.0,,3.0,3.0,-404.0,-298.0,2938.0,-2475.0,,,,-3.0,-400.0,,-15.0,,1279.0,1236.0,440.0
AI.PA,2505.1,338.8,148.9,,,,-155.1,,6322.2,,-3525.1,,,,,,,-269.0,113.0,,,-3445.0,-156.0,,-3583.4,,34.4,34.4,-230.8,-1718.1,,,,,,-33.4,-2807.6,,-32.4,,1403.6,1302.4,2797.1
AIR.PA,2853.0,98.0,1337.0,,,,6146.0,,7402.0,,-3669.0,,,,,-4460.0,1769.0,-1117.0,530.0,-3571.0,-2691.0,,-587.0,,-6653.0,,,,,-2215.0,,,,,,-78.0,-2570.0,,358.0,,16473.0,15010.0,3733.0
MT.AS,2632.0,-335.0,-185.0,-287.0,-192.0,56.0,,,4852.0,4852.0,-4405.0,,,,,,,-1352.0,0.0,,216.0,-3837.0,-1352.0,-14.0,-4987.0,-4987.0,,,-1300.0,-393.0,2484.0,-1456.0,,,,-15.0,-680.0,-680.0,-471.0,,7686.0,6400.0,447.0
CS.PA,,45.0,10380.0,,,,14777.0,,12467.0,,-476.0,,,,,-75938.0,67391.0,-53.0,194.0,,-8547.0,-459.0,141.0,1456.0,-11249.0,,1991.0,1991.0,-4745.0,-4455.0,776.0,0.0,,,,-2.0,-7335.0,,280.0,,24539.0,18113.0,11991.0
BNP.PA,7272.0,1756.0,-121525.0,,,,-121525.0,,-97376.0,,-2136.0,,,,,,,,,,,-2136.0,1956.0,,-180.0,,,,,,,,,,,-6418.0,-6418.0,,-393.0,,282579.0,178212.0,-99512.0
EN.PA,3074.0,188.0,776.0,,,,,,5378.0,,-2714.0,,,,,,,-1114.0,53.0,,,-2268.0,-1061.0,-107.0,-3483.0,,,,,-718.0,,,,,,-548.0,-2070.0,,86.0,,4907.0,4818.0,2664.0
BVI.PA,283.7,,60.8,,,,,,1004.8,,-145.9,,,,,-8.2,8.7,-313.9,105.4,,0.5,-139.8,-208.5,,-347.8,,18.1,18.1,-191.8,-406.9,1000.4,-800.1,,,,-58.3,-610.2,,-12.7,,1170.1,1200.6,858.9
CAP.PA,683.0,-60.0,-214.0,,,,-263.0,,2526.0,,-315.0,,,,,,,-827.0,,,,-310.0,-827.0,-200.0,-1337.0,,413.0,413.0,-989.0,-584.0,847.0,-1448.0,,,,207.0,-2016.0,,97.0,,3517.0,2787.0,2211.0
CA.PA,2424.0,621.0,798.0,,,,8.0,-14.0,4200.0,,-1772.0,,,,,-36.0,11.0,-1378.0,13.0,,-25.0,-1173.0,-1365.0,191.0,-2372.0,,,,,-600.0,2748.0,-1271.0,,,,387.0,-1076.0,,-477.0,,6290.0,6564.0,2428.0
ACA.PA,1245.0,3727.0,-47411.0,,,,-47411.0,,-15909.0,,-1070.0,,,,,,,,,,,-1070.0,-712.0,,-1782.0,,,,,-5141.0,,,,,,14588.0,9447.0,,-1195.0,,142584.0,133146.0,-16979.0
BN.PA,1168.0,151.0,533.0,,,,137.0,,3831.0,,-923.0,,,,,,,-153.0,507.0,,,18.0,354.0,1.0,-463.0,,76.0,76.0,,-1348.0,1397.0,-2006.0,,,,-1015.0,-3817.0,,-2.0,,1099.0,647.0,2908.0
DSY.PA,575.2,-20.9,-137.0,,,,24.3,141.1,1659.8,,-193.4,,,,,,,-22.5,,,,-193.4,-22.5,24.2,-191.7,,48.4,48.4,-374.0,-302.7,200.2,-700.9,,,,-3.2,-1211.9,,128.2,,3568.3,3952.6,1466.4
EDEN.PA,245.0,51.0,179.0,,,,179.0,,1029.0,,-217.0,,,,,-6.0,,-504.0,,,-6.0,-217.0,-504.0,23.0,-704.0,,2.0,2.0,-359.0,-307.0,505.0,0.0,,,,,-39.0,,-73.0,,1327.0,1540.0,812.0
ENGI.PA,5991.0,1111.0,-227.0,,,,-3069.0,,13144.0,,-9385.0,,,,,,1725.0,-736.0,808.0,,1725.0,-9310.0,72.0,1.0,-11338.0,,,,,-4147.0,6087.0,-3707.0,,,,1088.0,-1457.0,,2.0,,16578.0,16928.0,3759.0
EL.PA,3098.0,175.0,-697.0,,,,-607.0,,4874.0,,-1522.0,,,,,,,-1755.0,,,-367.0,-1512.0,-1755.0,12.0,-3622.0,,35.0,35.0,-274.0,-1163.0,2383.0,-1300.0,,,,-296.0,-1647.0,,88.0,,2558.0,2251.0,3352.0
ERF.PA,596.9,115.7,51.4,,,,-3.0,9.2,1318.9,,-528.4,,,,,,,-344.3,,-74.8,-3.3,-443.4,-344.3,-0.1,-846.5,,0.2,0.2,-271.9,-95.6,118.0,-477.7,,,,-53.5,-1089.5,,9.4,,1220.9,613.2,790.5
RMS.PA,844.0,,-239.0,,,,,,5139.0,,,,,,,-1094.0,145.0,-229.0,0.0,,-949.0,,-229.0,-47.0,-1195.0,,2.0,2.0,-37.0,-2705.0,,-1.0,,,,,-3046.0,,119.0,,10625.0,11642.0,5139.0
KER.PA,2113.0,616.0,667.0,,,,,,4709.0,,-3309.0,,,,,-83.0,140.0,-35.0,,,57.0,-3277.0,-35.0,,-3185.0,,,,,-1716.0,2493.0,-919.0,,,,-73.0,-1896.0,,31.0,,3650.0,3309.0,1400.0
OR.PA,1855.3,21.1,-226.6,,,,322.5,,8286.0,,-1641.7,,,,,,,,,,-1927.0,-1628.1,-148.9,0.1,-3703.9,,69.9,69.9,-497.5,-3614.9,1529.4,-7.9,,,,-13.9,-4785.1,,-32.8,,4288.1,4052.3,6644.3
LR.PA,379.7,41.8,-75.3,,,,-18.5,,1523.3,,-239.6,,,,,,,-1510.4,,,7.4,6.8,-1510.4,,-1735.8,,0.0,0.0,-46.3,-547.0,801.5,-94.4,,,,-20.3,-535.8,,13.6,,2815.4,2080.7,1283.7
MC.PA,7796.0,488.0,-1924.0,,,,-283.0,,18925.0,,-5552.0,,,,,,,,,-837.0,-579.0,-4665.0,-438.0,-29.0,-6539.0,,53.0,53.0,-312.0,-6492.0,3595.0,-3676.0,,,,-398.0,-10716.0,,80.0,,7520.0,9269.0,13373.0
ML.PA,2085.0,598.0,69.0,,,,-123.0,,4336.0,,-2265.0,,,,,-59.0,162.0,-7.0,5.0,-243.0,103.0,-1904.0,-2.0,18.0,-2111.0,,37.0,37.0,-502.0,-961.0,1002.0,-24.0,,,,77.0,-794.0,,-10.0,,2515.0,3936.0,2071.0
ORA.PA,7933.0,1195.0,-1312.0,,,,-1413.0,,10195.0,,-7028.0,,,,,-1267.0,436.0,-128.0,6231.0,,-831.0,-6758.0,6103.0,26.0,-1460.0,,,,,-1915.0,1243.0,-2441.0,,,,-165.0,-5726.0,,139.0,,5618.0,8766.0,3167.0
RI.PA,441.0,432.0,-768.0,,,,,,1727.0,,-773.0,,,,,-245.0,334.0,,,-765.0,89.0,,,,-676.0,,,,,-1208.0,2815.0,-1357.0,,,,,-209.0,,232.0,,1609.0,2683.0,954.0
PUB.PA,815.0,,-161.0,,,,,,2301.0,,-238.0,,,,,,34.0,-915.0,0.0,,34.0,-235.0,-915.0,,-1116.0,,,,,-853.0,1.0,-603.0,,,,166.0,-2007.0,,215.0,,4249.0,3642.0,2063.0
RNO.PA,3183.0,-5017.0,1096.0,,,,-212.0,923.0,7161.0,,-2962.0,,,,,-445.0,1648.0,-282.0,,-1288.0,1203.0,-1580.0,-282.0,-88.0,-2035.0,,,,,-536.0,0.0,-1578.0,,,,-850.0,-3234.0,,-27.0,,20677.0,22542.0,4199.0
SAF.PA,1406.0,-907.0,7.0,,,,1459.0,,4733.0,,-1544.0,,,,,-417.0,113.0,,,-172.0,-304.0,-1044.0,,,-1848.0,,0.0,0.0,-1320.0,-911.0,56.0,-863.0,,,,-21.0,-3073.0,,26.0,,6676.0,6514.0,3189.0
SGO.PA,2631.0,36.0,-74.0,,,,-97.0,,5569.0,,-2083.0,,,,,-219.0,18.0,-3331.0,30.0,,-201.0,-1925.0,-3301.0,163.0,-5266.0,,222.0,222.0,-811.0,-1045.0,3674.0,-1624.0,,,,-83.0,-402.0,,-58.0,,8602.0,8460.0,3486.0
SAN.PA,3586.0,136.0,-615.0,-899.0,-28.0,789.0,,,9081.0,8607.0,-3195.0,,,,,,,-2524.0,0.0,,,-1734.0,-2524.0,-40.0,-4407.0,-4298.0,187.0,187.0,-302.0,-4704.0,0.0,-953.0,,,,-38.0,-5763.0,-5751.0,-13.0,,8710.0,7441.0,5886.0
SU.PA,1538.0,200.0,-728.0,,,,-134.0,,5580.0,,-1419.0,,,,,,,-535.0,83.0,-469.0,-91.0,-895.0,-452.0,-80.0,-1987.0,,,,,-1963.0,3466.0,-2722.0,,,,-183.0,-1624.0,,189.0,,4654.0,6812.0,4161.0
GLE.PA,10086.0,1700.0,-26504.0,,,,-19758.0,,-10098.0,,-11433.0,,,,,,,,,,-2310.0,-11433.0,,,-13743.0,,,,,,,,,,,155.0,-1273.0,,2236.0,,241997.0,219119.0,-21531.0
STLAP.PA,7226.0,1927.0,-8093.0,-1619.0,786.0,-4007.0,-3885.0,,4008.0,4008.0,-11060.0,,,,,,,-1652.0,261.0,,,-10472.0,-1391.0,-4119.0,-15982.0,-15982.0,104.0,104.0,-3000.0,-4651.0,,,,,,2407.0,2061.0,2061.0,410.0,,43669.0,34100.0,-7052.0
STMPA.PA,1760.0,-212.0,-495.0,-261.0,-32.0,-35.0,,,2965.0,2965.0,-3181.0,,,,,-3258.0,2251.0,,,-93.0,-1007.0,-3083.0,,441.0,-3742.0,-3742.0,,,-359.0,-288.0,300.0,-203.0,,,,395.0,-155.0,-155.0,-8.0,,3222.0,2282.0,-216.0
TEP.PA,779.0,260.0,103.0,,,,140.0,,1813.0,,-219.0,,,,,,,-7.0,,-214.0,,,-7.0,,-221.0,,,,-184.0,-231.0,,,,,,-473.0,-1403.0,,-7.0,,867.0,1049.0,1594.0
HO.PA,1155.4,414.1,26.1,,,,1711.1,0.0,2746.4,,-623.1,,,,,,,-1667.1,2018.2,,101.5,-616.8,351.1,-34.9,-27.9,,,,-275.4,-708.4,158.2,-1155.1,,,,-7.3,-1995.0,,63.7,,4207.3,4767.1,2123.3
TTE.PA,13107.0,535.0,2364.0,,3884.0,-889.0,-3556.0,,30854.0,30854.0,-14909.0,,,,,,347.0,-4566.0,2167.0,-14182.0,347.0,,-2399.0,-1098.0,-17332.0,-17332.0,521.0,521.0,-7995.0,-7717.0,7563.0,-802.0,,,,-853.0,-14425.0,-14425.0,-516.0,,27263.0,25844.0,15945.0
URW.PA,127.6,466.1,-93.3,,,,,,2190.2,,-1308.3,,,,,-21.5,436.6,-68.9,,,415.1,-1308.3,-68.9,,-537.1,,5.2,5.2,,-347.9,1568.7,-2531.4,,,,608.0,-1882.3,,15.6,,5496.1,5282.5,881.9
VIE.PA,2996.0,943.0,-195.0,,,,-195.0,,5038.0,,,,,,,-3672.0,1176.0,,,,-2496.0,212.0,,-2.0,-2115.0,,341.0,341.0,-8.0,-1218.0,1462.0,-840.0,,,,-238.0,-1857.0,,20.0,,8317.0,9404.0,5038.0
DG.PA,3998.0,1395.0,2311.0,,,,-667.0,1754.0,11714.0,,-4052.0,,,,,,,-5006.0,409.0,,,-3882.0,-4597.0,-572.0,-9051.0,,668.0,668.0,-1912.0,-2570.0,4117.0,-1993.0,,,,310.0,-3027.0,,,,14701.0,14297.0,7662.0
ADS.DE,1171.0,154.0,685.0,,,,,,2910.0,,-540.0,,,,,,,,100.0,-121.0,-22.0,-370.0,100.0,,-356.0,,24.0,24.0,-35.0,-125.0,3.0,-500.0,,,,-13.0,-1559.0,,29.0,,1431.0,2455.0,2370.0
AIR.DE,2853.0,98.0,1337.0,,,,6146.0,,7402.0,,-3669.0,,,,,-4460.0,1769.0,-1117.0,530.0,-3571.0,-2691.0,,-587.0,,-6653.0,,,,,-2215.0,,,,,,-78.0,-2570.0,,358.0,,16473.0,15010.0,3733.0
ALV.DE,2154.0,-4617.0,16799.0,,,,13212.0,623.0,31903.0,,-1915.0,,,,,-281487.0,257692.0,-1189.0,464.0,,-23795.0,-1643.0,-725.0,536.0,-25675.0,,,,,-5751.0,9206.0,-6087.0,,,,172.0,-4364.0,,426.0,,29210.0,31637.0,29988.0
BAS.DE,4648.0,390.0,871.0,,,,383.0,-76.0,6946.0,,-6198.0,,,,,-1395.0,1831.0,-202.0,75.0,,436.0,-6198.0,-127.0,808.0,-5081.0,,,,-46.0,-3284.0,,,,,,1783.0,-1547.0,,-21.0,,2624.0,2921.0,748.0
BAYN.DE,8783.0,1897.0,85.0,,,,-19.0,,7368.0,,-2778.0,,,,,-251.0,2576.0,-184.0,17.0,,2325.0,-2483.0,-167.0,,164.0,,0.0,0.0,-16.0,-131.0,5815.0,-10833.0,,,,-36.0,-7178.0,,-68.0,,5907.0,6191.0,4590.0
BEI.DE,357.0,-42.0,-38.0,,,,,279.0,1231.0,,-437.0,,,,,-635.0,942.0,-121.0,0.0,,307.0,-415.0,-121.0,4.0,-126.0,,,,-501.0,-14.0,116.0,-269.0,,,,,-1029.0,,-2.0,,1133.0,1207.0,794.0
BMW.DE,8650.0,-94.0,-8825.0,,,,-3559.0,,7566.0,,-12205.0,,,,,-1224.0,1847.0,,,-12184.0,623.0,,,192.0,-11369.0,,,,-1024.0,-3781.0,30025.0,-22182.0,,,,3937.0,5766.0,,-3.0,,17327.0,19287.0,-4639.0
BNR.DE,444.1,142.4,-108.7,,,,-33.4,,906.6,,-342.2,,,,,-0.3,0.4,-436.1,0.0,-313.0,0.1,,-436.1,,-749.0,,,,-250.1,-303.2,1262.5,-453.2,,,,-76.1,23.0,,11.5,,576.9,763.3,564.4
CBK.DE,,-5776.0,-27125.0,,,,-560.0,-1989.0,-20315.0,,-1146.0,,,,,,,-262.0,59.0,,,-1111.0,-203.0,1.0,-1313.0,,,,-1072.0,-415.0,,,,,,1099.0,565.0,,939.0,,93126.0,73001.0,-21461.0
CON.DE,2211.0,398.0,-521.0,,,,-474.0,,2934.0,,-1954.0,,,,,,,-13.0,74.0,,,72.0,61.0,,-1821.0,,,,,-440.0,600.0,-858.0,,,,-31.0,-1072.0,,3.0,,2923.0,2966.0,980.0
1COV.DE,984.0,114.0,83.0,,,,-7.0,,870.0,,-781.0,,,,,-81.0,302.0,,0.0,,221.0,-705.0,0.0,,-423.0,,,,0.0,-1.0,1195.0,-1609.0,,,,,-565.0,,2.0,,625.0,509.0,89.0
DTG.DE,1153.0,657.0,-2441.0,,,,-397.0,,1555.0,,-1876.0,,,,,-2682.0,2374.0,-388.0,64.0,-459.0,-308.0,-1300.0,-324.0,-161.0,-2552.0,,,,-850.0,-1528.0,10417.0,-8310.0,,,,,403.0,,80.0,,7067.0,6553.0,-321.0
DBK.DE,,-4.0,-37704.0,-613.0,,,13990.0,-19800.0,-28584.0,-28583.0,-528.0,,,,,-53063.0,48161.0,,,,-4902.0,-508.0,3.0,-1374.0,-6781.0,-6782.0,0.0,0.0,-1132.0,-883.0,20.0,-705.0,,,,2054.0,-646.0,-647.0,2910.0,,163768.0,130666.0,-29112.0
DB1.DE,495.8,-73.9,-248.5,,,,,-470.2,2410.7,,-360.6,,,,,-446.2,390.0,-21.0,9.1,-302.5,-56.2,-54.6,-11.9,365.2,-60.0,,9.4,9.4,-297.8,-697.8,0.0,-222.3,,,,,-1353.9,,-28.5,,2955.2,3923.5,2050.1
DPW.DE,,,,,,,,,,,,,,,,,,,,,,,,,,,,,,,,,,,,,,,,,,,
DTE.DE,24027.0,-1457.0,-1714.0,,,,682.0,-1636.0,39874.0,,-19171.0,,,,,-887.0,1331.0,-357.0,1.0,-7927.0,444.0,-11055.0,-356.0,-6.0,-18900.0,,,,-1974.0,-5592.0,,,,,,-6507.0,-20282.0,,506.0,,7274.0,8472.0,20703.0
EOAN.DE,4401.0,374.0,-4931.0,,,,,-7953.0,5673.0,,-6971.0,,,,,-2654.0,2700.0,,,-6868.0,46.0,,,196.0,-6626.0,,,,,-1384.0,,,,,,3001.0,1106.0,,24.0,,5585.0,5762.0,-1298.0
FRE.DE,1204.0,,336.0,,,,175.0,,2447.0,,-923.0,,,,,-80.0,394.0,,,,314.0,-916.0,,-20.0,-510.0,,,,,,302.0,-2242.0,,,,-62.0,-2183.0,,-2.0,,2562.0,2282.0,1524.0
FME.DE,1742.26,335.47,444.31,,-73.48,155.59,-227.97,,2386.14,2386.14,-699.36,,,,,-81.5,75.13,-23.07,629.75,,-6.37,-685.25,606.68,,-84.94,-84.94,,,,-349.16,146.32,-2051.47,,,,-314.99,-2569.3,-2569.3,26.2,,1427.22,1185.33,1686.79
HNR1.DE,,-446.4,3731.5,,,,855.0,,5681.9,,,,,,,-31558.3,27236.5,-128.6,252.2,,-4321.8,,123.6,-40.0,-4412.1,,16.3,16.3,-1.7,-913.1,,,,,,-206.5,-1105.0,,33.5,,1054.8,1253.1,5681.9
HEI.DE,1545.0,76.1,-110.2,,,,-198.1,87.9,3231.7,,-1410.1,,,,,-68.3,128.2,-774.3,51.1,-86.6,59.9,-1172.9,-723.2,110.1,-1812.7,,,,-350.0,-546.2,1302.8,-1756.3,,,,14.0,-1450.1,,-14.4,,3266.5,3220.1,1821.6
HEN3.DE,826.0,,33.0,,,,82.0,-64.0,3120.0,,-626.0,,,,,,,-1346.0,92.0,-610.0,-552.0,,-1254.0,,-2330.0,,,,0.0,-771.0,1223.0,0.0,,,,-117.0,171.0,,-23.0,,1951.0,2889.0,2494.0
IFX.DE,1865.0,90.0,-239.0,,,,830.0,,2780.0,,-2719.0,,,,,-7027.0,8378.0,-832.0,19.0,-287.0,1351.0,-2418.0,-813.0,,-2167.0,,,,-233.0,-456.0,2750.0,-2573.0,,,,-29.0,-615.0,,-12.0,,1820.0,1806.0,61.0
MBG.DE,6772.0,-1362.0,694.0,,,,-203.0,,17735.0,,-8665.0,,,,,-6785.0,6160.0,-363.0,716.0,-4626.0,-625.0,-3851.0,353.0,-1.0,-8750.0,,,,-4921.0,-5486.0,,,,,,-106.0,-10752.0,,311.0,,15972.0,14516.0,9070.0
MRK.DE,2134.0,-22.0,-310.0,,,,-309.0,,4586.0,,-2184.0,,,,,,,-774.0,7.0,-464.0,,-1675.0,-767.0,-144.0,-3050.0,,,,,-284.0,2796.0,-2743.0,,,,-745.0,-985.0,,-16.0,,1982.0,2517.0,2402.0
MTX.DE,483.0,250.0,-670.0,,,,-696.0,,714.0,,-640.0,,,,,-23.0,35.0,,,58.0,12.0,,,-33.0,-603.0,,,,,-117.0,1045.0,0.0,,,,-123.0,736.0,,17.0,,883.0,1747.0,74.0
MUV2.DE,375.0,81.0,-5739.0,,,,-5758.0,,3143.0,,-316.0,,,,,,,-340.0,47.0,-60.0,,-154.0,-293.0,2.0,-505.0,,0.0,0.0,-1437.0,-2006.0,1487.0,-141.0,,,,-131.0,-2228.0,,122.0,,5595.0,6128.0,2827.0
PAH3.DE,1.0,240.0,-1.0,,,,-1.0,6.0,1431.0,,,,,,,,,-74.0,,0.0,-203.0,,-74.0,,-277.0,,,,,-783.0,1591.0,,,,,-771.0,37.0,,,,494.0,1686.0,1431.0
P911.DE,4088.0,169.0,-1959.0,,,,-1852.0,-347.0,6353.0,,-3757.0,,,,,,,-380.0,3.0,-2048.0,-70.0,,-377.0,1.0,-4120.0,,,,,-2101.0,7997.0,-7570.0,,,,118.0,-1679.0,,6.0,,5826.0,6384.0,2596.0
QIA.DE,203.27,26.82,135.45,25.53,12.22,1.45,-1.19,4.11,673.55,673.55,-171.24,,,,,-688.38,584.98,0.0,,-4.07,-103.4,-167.17,0.0,25.41,-249.23,-249.23,,,-292.1,,494.21,-601.54,,,,-23.47,-422.9,-422.9,-5.96,,668.08,663.55,502.31
RHM.DE,403.0,-42.0,434.0,,,,407.0,,1720.0,,-732.0,,,,,,,-508.0,24.0,,0.0,-722.0,-484.0,34.0,-1172.0,,,,,-248.0,793.0,-773.0,,,,-6.0,-234.0,,-2.0,,873.0,1184.0,988.0
RWE.DE,3195.0,-2862.0,1369.0,,,,3751.0,,6620.0,,-9377.0,,,,,-3197.0,4211.0,-1863.0,,-9178.0,1014.0,,-1863.0,315.0,-9712.0,,598.0,598.0,-146.0,-744.0,3947.0,-2277.0,,,,,1116.0,,149.0,,6917.0,5090.0,-2757.0
SAP.DE,1280.0,-1568.0,623.0,899.0,,603.0,-632.0,,5220.0,5218.0,-797.0,,,,,-6401.0,7533.0,-1114.0,0.0,-675.0,1132.0,,-1114.0,1.0,-656.0,-657.0,,,-2106.0,-2565.0,2767.0,-1495.0,,,,-13.0,-3412.0,-3411.0,333.0,,8124.0,9609.0,4423.0
SRT3.DE,415.9,190.5,277.5,,,,,-1.5,976.2,,-409.9,,,,,-15.9,,0.0,,-409.9,-15.9,,0.0,,-425.8,,198.3,198.3,,-50.7,12.6,-847.6,,,,789.4,-128.3,,12.0,,379.2,813.4,566.3
SIE.DE,3158.0,-835.0,68.0,,,,2024.0,,11665.0,,-2088.0,,,,,-942.0,1158.0,-413.0,60.0,-1851.0,216.0,,-353.0,-1294.0,-3282.0,,,,-3765.0,-3709.0,6688.0,-6045.0,,,,-19.0,-8880.0,,-220.0,,10084.0,9156.0,9577.0
ENR.DE,1511.0,301.0,1751.0,,,,4075.0,,2889.0,,-1514.0,,,,,-162.0,2623.0,,277.0,-1487.0,2461.0,,277.0,-1.0,1250.0,,0.0,0.0,-130.0,,,-1688.0,,,,4.0,-2258.0,,-106.0,,4588.0,6363.0,1375.0
SHL.DE,1223.0,497.0,-341.0,,,,125.0,,2826.0,,-696.0,,,,,-4.0,80.0,-46.0,,-696.0,76.0,,-46.0,,-666.0,,,,0.0,-1063.0,52.0,-216.0,,,,-10.0,-1657.0,,-66.0,,2247.0,2683.0,2130.0
SY1.DE,316.01,100.79,-4.21,,,,3.95,101.5,894.91,,-242.85,,,,,-2.73,,-59.0,3.3,-15.42,-2.73,-227.42,-55.7,4.66,-291.51,,,,,-153.75,12.37,-29.5,,,,-9.97,-281.88,,0.86,,393.03,709.92,652.07
VOW3.DE,31346.0,903.0,-28898.0,,,,-19358.0,52.0,17151.0,,-27446.0,,,,,,,-2584.0,231.0,-16255.0,-203.0,,-2353.0,-1.0,-31573.0,,,,,-5779.0,51542.0,-40958.0,,,,8813.0,11140.0,,55.0,,43522.0,40296.0,-10295.0
VNA.DE,134.3,1315.5,332.1,,,,,,2401.6,,,,,,,-2.4,,,,,-2.4,,,-391.2,-187.6,,,,-547.3,,,,,,,-447.6,-1821.0,,-3.4,,1418.8,1808.4,2401.6
ZAL.DE,349.9,19.1,-89.9,,,,56.3,,654.1,,-206.8,,,,,,,-67.9,,-86.2,0.0,-120.6,-67.9,4.9,-269.8,,4.0,4.0,-99.5,,,-95.5,,,,-0.1,-325.6,,-4.2,,2533.2,2587.8,447.3
NESN.SW,3582.0,1145.0,874.0,,,,-273.0,,16675.0,,-5963.0,,,,,,,-832.0,,,-1251.0,,-1364.0,-46.0,-8624.0,,,,-4678.0,-7816.0,7992.0,-5055.0,,,,-27.0,-7362.0,,53.0,,4816.0,5556.0,10712.0
ROG.SW,3423.0,1640.0,1161.0,,,,,,20094.0,,-5009.0,,,,,-5196.0,198.0,-2836.0,1.0,-1480.0,-4998.0,-3468.0,-2835.0,1156.0,-11393.0,,-1130.0,-1130.0,,-7650.0,7915.0,-3387.0,,,,-3.0,-6819.0,,-283.0,,5376.0,6975.0,15085.0
NOVN.SW,6069.0,-510.0,-706.0,,-931.0,-105.0,-502.0,1057.0,17619.0,17619.0,-3814.0,,,,,-3648.0,3701.0,,,-2368.0,53.0,-1280.0,-3921.0,3.0,-7513.0,-7513.0,,,-8331.0,-7624.0,7101.0,-2711.0,,,,-207.0,-11742.0,-11742.0,-298.0,,13393.0,11459.0,13805.0
CFR.SW,1560.0,105.0,-693.0,,,,55.0,128.0,4443.0,,-1180.0,,,,,-20000.0,19925.0,-138.0,51.0,-120.0,-75.0,-1035.0,-87.0,-30.0,-1548.0,,162.0,162.0,-104.0,-1710.0,3.0,-20.0,,,,-71.0,-2550.0,,42.0,,4906.0,5293.0,3263.0
ZURN.SW,911.0,-2.0,16030.0,,,,6616.0,,7603.0,,-370.0,,,,,,,-1078.0,115.0,,,-361.0,-1048.0,,-1404.0,,,,-1309.0,-4467.0,728.0,-1117.0,,,,,-6372.0,,-382.0,,7645.0,7090.0,7233.0
UBSG.SW,3798.0,17064.0,-20804.0,-23387.0,,,,,3279.0,3280.0,-2008.0,,,,,-5965.0,8384.0,-64.0,256.0,,2419.0,-1900.0,192.0,-2.0,709.0,711.0,,,,-2256.0,100145.0,-172270.0,,,,-987.0,-84165.0,-84165.0,-15940.0,,340207.0,244090.0,1271.0
ABBN.SW,802.0,251.0,-143.0,,,,-15.0,,4675.0,,-845.0,,,,,-1563.0,2257.0,-665.0,,,694.0,-738.0,-665.0,-3.0,-725.0,,451.0,451.0,-1247.0,-1769.0,1914.0,-2488.0,,,,-69.0,-3326.0,,-207.0,,3909.0,4326.0,3830.0
LONN.SW,647.0,5.0,-200.0,,,,46.0,,1274.0,,-1417.0,,,,,-404.0,,-1075.0,,-36.0,-404.0,-1381.0,-1075.0,-48.0,-2916.0,,9.0,9.0,-769.0,-288.0,2071.0,-151.0,,,,452.0,1283.0,,2.0,,1468.0,1111.0,-143.0
SIKA.SW,555.6,203.9,-176.6,,,,-162.8,,1742.8,,-359.0,,,,,,,-265.2,,0.2,,18.9,-265.2,,-580.7,,34.7,34.7,-41.4,-264.7,2265.2,-2481.9,,,,-316.3,-1083.9,,-14.6,,643.9,707.5,1383.8
ALC.SW,1228.0,52.0,-189.0,,-55.0,-15.0,-28.0,-44.0,2077.0,2077.0,-670.0,,,,,-278.0,9.0,-220.0,,-197.0,-269.0,-473.0,-220.0,-8.0,-1167.0,-1167.0,,,,-130.0,59.0,-196.0,,,,-55.0,-322.0,-322.0,-6.0,,1094.0,1676.0,1407.0
GIVN.SW,359.0,86.0,-43.0,,,,-26.0,113.0,1625.0,,-293.0,,,,,,,-229.0,5.0,-57.0,84.0,-223.0,-229.0,-41.0,-448.0,,,,,-627.0,1435.0,-1632.0,,,,-15.0,-1026.0,,-2.0,,600.0,749.0,1332.0
HOLN.SW,2219.0,525.0,218.0,,,,-86.0,,5667.0,,-1650.0,,,,,-248.0,200.0,-984.0,472.0,,-48.0,-1477.0,-512.0,,-2037.0,,,,,-1570.0,26.0,-1421.0,,,,-12.0,-4369.0,,21.0,,6052.0,5334.0,4017.0
SCMN.SW,2369.0,104.0,8.0,,,,1.0,-21.0,3977.0,,-2288.0,,,,,-2020.0,2386.0,-7374.0,2.0,,366.0,-2244.0,-7372.0,-29.0,-9279.0,,,,,-1140.0,8879.0,-641.0,,,,-12.0,6819.0,,-142.0,,148.0,1523.0,1689.0
PGHN.SW,48.6,-36.9,-233.0,,,,,,933.9,,-141.1,,,,,-397.3,273.5,-26.8,4.3,-26.8,-123.8,-114.3,-22.5,,-279.0,,236.5,236.5,-499.3,-1018.0,2519.3,-1845.0,,,,-5.2,-653.1,,6.1,,281.0,288.9,792.8
SREN.SW,-325.0,,503.0,,,,18.0,,3130.0,,,,,,,-58516.0,58300.0,,,,-216.0,,,-191.0,-407.0,,,,-705.0,-1978.0,747.0,-1355.0,,,,-61.0,-2970.0,,-144.0,,4555.0,4133.0,3130.0
SOON.SW,248.5,39.5,-45.3,,,,,,793.7,,-137.6,,,,,-21.0,17.8,-77.3,,-47.8,-3.2,-88.2,-77.3,,-212.7,,29.2,29.2,-67.3,-256.2,,-0.9,,,,,-401.8,,-5.9,,513.6,686.9,656.1
GEBN.SW,149.7,55.9,-4.1,,,,,,847.6,,-195.3,,,,,,,,,,,-188.9,,20.6,-163.5,,,,-214.6,-419.5,442.0,-398.9,,,,-2.3,-636.7,,3.5,,356.8,407.7,652.3
SLHN.SW,,,,,,,,,,,-130.0,,,,,,,-339.0,0.0,-20.0,,-109.0,-339.0,,-465.0,,,,-639.0,-945.0,1669.0,-600.0,,,,3.0,-580.0,,27.0,,5888.0,5055.0,56.0
LOGN.SW,79.76,0.12,-17.34,,69.98,-31.63,23.97,,842.56,842.56,-56.13,,,,,-6.6,7.08,0.0,,,0.48,-56.13,0.0,-1.62,-57.27,-57.27,,,-588.84,-207.85,,,,,,-37.07,-797.36,-797.36,-5.57,,1520.84,1503.2,786.43
KNIN.SW,824.0,22.0,-644.0,,,,,15.0,1484.0,,-304.0,,,,,,,,,,,26.0,-203.0,,-452.0,,,,-51.0,-1182.0,,-2.0,,,,-33.0,-1909.0,,11.0,,2008.0,1142.0,1180.0
A2A.MI,884.0,117.0,-472.0,,,,122.0,,1139.0,,-1512.0,,,,,,,-1312.0,,-461.0,,-1047.0,-1312.0,1.0,-2813.0,,,,,,1942.0,-1031.0,,,,733.0,1594.0,,,,1629.0,1549.0,-373.0
AMP.MI,302.72,60.26,-0.36,,,,-7.71,,451.16,,-146.42,,,,,,,-192.53,2.47,-61.45,,-84.97,-190.06,1.39,-335.1,,,,-25.52,-65.59,,,,,,4.46,-18.85,,-1.52,,193.15,288.83,304.74
AZM.MI,,-4.06,-865.17,,,,-735.52,-129.37,-197.48,,-48.52,,,,,-84.06,,-0.31,322.05,49.58,-84.06,7.86,321.74,,295.12,,,,,-209.49,,,,,,-27.9,-237.39,,,,889.42,749.66,-246.0
BMED.MI,,2701.18,-351.87,,,,552.96,160.18,1152.19,,-56.48,,,,,,,,,-40.92,,-10.72,,,-15.52,,,,,-584.9,,,,,,,-640.36,,,,188.13,684.44,1095.71
BMPS.MI,,-122.92,-2808.47,,,,,-125.42,-792.0,,-68.42,,,,,,,,,-37.65,,41.32,,,39.15,,,,,-315.03,,,,,,,-315.03,,,,14317.28,13249.4,-860.42
BAMI.MI,,7895.59,-4456.19,,,,,,5893.44,,-189.0,,,,,,,-157.84,198.48,-115.46,,-68.02,40.64,,-142.84,,,,,-349.52,,,,,,,-379.61,,,,13130.82,18501.81,5704.44
BPSO.MI,79.47,-13.54,-1657.61,,,,,,-505.88,,-123.35,,,,,,,-0.94,0.0,-22.46,,-47.3,-0.94,,-41.48,,,,,-251.86,,,,,,,-252.06,,-8.91,,4546.56,3738.22,-629.23
BPE.MI,,115.68,-5514.25,,,,,,-2495.4,,-358.1,,,,,,,-0.05,106.17,-222.43,,-98.98,106.12,,-215.29,,,,,-447.86,,,,,,989.85,513.33,,-0.34,,10085.59,7887.9,-2853.49
BC.MI,153.0,30.16,-51.9,,,,29.01,,188.93,,-99.38,,,,,-6.35,0.0,,,-9.18,-6.35,-89.03,-3.95,,-108.95,,,,-11.66,-66.1,211.0,-38.37,,,,-1.83,-6.51,,1.63,,106.94,182.05,89.55
BZU.MI,272.34,-27.27,-69.03,,,,,,932.62,,-448.41,,,,,-16.26,132.45,-202.92,105.41,-3.04,116.2,-430.66,-97.51,,-240.34,,,,-147.19,-110.96,149.53,-272.57,,,,-8.01,-410.1,,8.47,,1120.71,1410.44,484.2
CPR.MI,127.7,,124.7,,,,78.0,,670.5,,-460.1,,,,,,,-1208.6,,,8.9,-440.5,-1208.6,,-1601.9,,571.0,571.0,-6.4,-78.1,886.6,-346.6,,,,-1.1,981.8,,-4.4,,620.3,666.3,210.4
DIA.MI,129.04,35.47,15.81,,,,22.51,,358.78,,-119.72,,,,,,,,0.0,-67.59,67.23,-49.45,0.0,,-49.81,,,,,-61.28,,,,,,,-259.13,,14.11,,280.31,344.27,239.07
ENEL.MI,6683.0,3401.0,269.0,,,,275.0,,13223.0,,-10166.0,,,,,,,0.0,5622.0,-1235.0,,-8931.0,5622.0,436.0,-4108.0,,,,-27.0,-5126.0,6017.0,-11121.0,,,,2268.0,-7989.0,,-74.0,,7143.0,8195.0,3057.0
ENI.MI,7600.0,590.0,1286.0,-37.0,1145.0,110.0,,,13092.0,13092.0,-8490.0,,,,,-1514.0,595.0,-1795.0,887.0,-465.0,-919.0,-6650.0,-908.0,-875.0,-9817.0,-9817.0,,,-2012.0,-3068.0,3516.0,-5953.0,,,,2336.0,-5380.0,-5380.0,83.0,,10205.0,8183.0,4602.0
RACE.MI,666.78,83.67,-382.62,-20.05,-94.03,7.67,,,1926.66,1926.66,-989.15,,,,,,,0.0,,-506.87,,-480.24,0.0,,-987.11,-987.11,,,-581.08,-439.92,1112.67,-411.64,,,,-4.79,-324.76,-324.76,5.45,,1121.98,1742.21,937.5
FBK.MI,,5.26,-573.02,,,,,,154.93,,-18.64,,,,,,,-0.0,0.0,-5.42,,-13.21,-0.0,,-18.64,,,,,-452.1,,,,,,,-451.82,,12.27,,2266.25,1962.99,136.29
G.MI,,7508.0,5783.0,,,,4047.0,,15383.0,,-378.0,,,,,,,,,,-11137.0,-378.0,-2125.0,-931.0,-13817.0,,,,,-1986.0,,,,,,1044.0,-342.0,,21.0,,7070.0,8315.0,15005.0
HER.MI,562.4,79.0,-372.2,,,,438.2,,853.0,,-860.3,,,,,,,-33.1,,-578.2,,-274.1,-33.5,81.2,-804.6,,,,,-248.8,471.1,,,,,-260.8,-65.6,,,,1332.8,1315.6,-7.3
IP.MI,113.87,29.72,49.88,,,,,,357.08,,-138.23,,,,,-89.21,,,,-9.04,-89.21,2.98,,1.46,-215.57,,0.58,0.58,-10.34,-34.99,,,,,,-0.53,-64.66,,0.54,,282.01,359.4,218.85
ISP.MI,1708.0,-4238.0,-52663.0,,,,6351.0,,-40187.0,,-1669.0,,,,,,,-35.0,321.0,-1379.0,,-207.0,286.0,,-1247.0,,355.0,355.0,-1736.0,-5830.0,,,,,,23.0,-7188.0,,-115.0,,89270.0,40533.0,-41856.0
INW.MI,382.11,4.45,16.8,,,,-1.03,,762.86,,-293.87,,,,,,,,,,,-293.87,,-8.86,-302.72,,2.09,2.09,-163.04,-452.18,,,,,,171.92,-441.2,,,,95.08,115.13,469.0
IG.MI,549.12,120.65,-129.22,,,,121.76,-22.48,1098.71,,-892.67,,,,,,2.26,-15.81,51.23,-848.02,2.26,-30.17,35.42,31.38,-809.13,,,,,-299.84,1179.21,-982.77,,,,0.66,-136.88,,,,249.96,402.66,206.05
IVG.MI,678.0,-1.0,91.0,,,,74.0,,1198.0,,-950.0,,,,,-26.0,69.0,0.0,,,43.0,-950.0,0.0,623.0,-284.0,,,,-60.0,-91.0,1364.0,-741.0,,,,7.0,68.0,,-58.0,,2698.0,3513.0,248.0
LDO.MI,663.0,-80.0,-394.0,,,,592.0,,1541.0,,-895.0,,,,,,,,,,,-879.0,,126.0,-753.0,,,,,-177.0,,-638.0,,,,137.0,-678.0,,39.0,,2407.0,2556.0,646.0
MB.MI,,,,,,,,,-3160.96,,-76.2,,,,,,,-7.4,0.25,-36.35,,-30.05,-7.15,,170.29,,,,,-633.95,,,,,,,-633.95,,0.0,,7861.6,4236.98,-3237.16
MONC.MI,306.84,4.81,-34.09,,,,-15.44,,989.51,,-195.19,,,,,-80.75,,,,,-80.75,-186.68,,,-267.43,,,,,-311.01,,-1.51,,,,,-535.17,,2.27,,998.8,1187.97,794.31
NEXI.MI,911.25,237.07,-240.95,,,,52.71,-615.75,974.03,,-446.97,,,,,,,,,-343.22,,-103.75,88.71,,-353.86,,,,,-2.94,6.49,-850.12,,,,,-1345.66,,,,800.17,74.67,527.05
PIRC.MI,572.72,253.09,-53.58,,,,,,1292.56,,-403.67,,,,,-0.56,,-32.34,,-27.59,-0.56,-373.84,-32.34,-0.51,-421.26,,,,,-204.4,1366.48,-1497.8,,,,60.13,-610.7,,-8.18,,1248.85,1501.27,888.89
PST.MI,924.0,-2177.0,1933.0,,,,-235.0,2284.0,2901.0,,-965.0,,,,,-33.0,1.0,0.0,3.0,-467.0,-32.0,-489.0,3.0,,-986.0,,,,,-1165.0,,,,,,-21.0,-1446.0,,0.0,,4211.0,4680.0,1936.0
PRY.MI,465.0,225.0,465.0,,,,668.0,,1933.0,,-793.0,,,,,-13.0,69.0,,,-25.0,56.0,-768.0,-4126.0,9.0,-4854.0,,,,-327.0,-202.0,5379.0,-2381.0,,,,-15.0,2203.0,,10.0,,1741.0,1033.0,1140.0
REC.MI,167.03,156.42,-112.52,,,,,,569.92,,-851.16,,,,,,,,,-812.15,,-34.8,,2.0,-844.94,,92.67,92.67,-119.02,-253.72,1092.2,-350.74,,,,,372.11,,3.52,,221.81,322.42,-281.24
SPM.MI,675.0,119.0,-42.0,,,,195.0,,1061.0,,-337.0,,,,,-244.0,0.0,,13.0,-11.0,-244.0,-300.0,13.0,,-542.0,,,,-65.0,,581.0,-767.0,,,,-2.0,-544.0,,47.0,,2136.0,2158.0,724.0
SRG.MI,984.0,239.0,-764.0,,,,-1477.0,,1814.0,,-2815.0,,,,,,290.0,-176.0,11.0,-276.0,290.0,-2534.0,-165.0,4.0,-2681.0,,,,-2.0,-946.0,5426.0,-1902.0,,,,-349.0,1291.0,,,,1382.0,1806.0,-1001.0
STLAM.MI,7226.0,1927.0,-8093.0,-1619.0,786.0,-4007.0,-3885.0,,4008.0,4008.0,-11060.0,,,,,,,-1652.0,261.0,,,-10472.0,-1391.0,-4119.0,-15982.0,-15982.0,104.0,104.0,-3000.0,-4651.0,,,,,,2407.0,2061.0,2061.0,410.0,,43669.0,34100.0,-7052.0
STMMI.MI,1760.0,-212.0,-495.0,-261.0,-32.0,-35.0,,,2965.0,2965.0,-3181.0,,,,,-3258.0,2251.0,,,-93.0,-1007.0,-3083.0,,441.0,-3742.0,-3742.0,,,-359.0,-288.0,300.0,-203.0,,,,395.0,-155.0,-155.0,-8.0,,3222.0,2282.0,-216.0
TIT.MI,3189.0,,-62.0,,,,-85.0,,3251.0,,-2849.0,,,,,,,-4.0,4169.0,320.0,-34.0,-1994.0,4165.0,2904.0,5361.0,,,,,-159.0,,,,,,-7096.0,-7255.0,,-101.0,,2912.0,2924.0,402.0
TEN.MI,632.85,125.89,286.92,-71.1,489.88,-216.72,,-100.13,2866.22,2866.22,-704.35,,,,,,,0.0,31.45,,-821.48,18.57,31.45,-5.55,-1397.16,-1397.16,,,-1439.59,-757.79,1870.67,-2068.0,,,,-4.72,-2399.43,-2399.43,-25.43,,1616.6,660.8,2161.87
TRN.MI,876.4,159.9,-544.9,,,,-85.0,15.6,1468.7,,-2624.4,,,,,,,0.0,79.3,,60.6,12.7,72.8,74.2,-2404.1,,,,,-690.6,1723.5,,,,,834.1,1867.0,,,,1381.8,2313.4,-1155.7
UCG.MI,1306.0,1660.0,-28174.0,,,,0.0,,-7076.0,,-1740.0,,,,,,,-2.0,226.0,-488.0,,-968.0,224.0,,-1065.0,,,,,-4950.0,,,,,,,-10990.0,,-427.0,,61000.0,41442.0,-8816.0
UNI.MI,,-1391.0,897.0,,,,897.0,0.0,2517.0,,-924.0,,,,,,,,,,-1563.0,-924.0,-589.0,46.0,-2768.0,,,,,-350.0,,,,,,504.0,146.0,,0.0,,1818.0,1713.0,1593.0
ABB.ST,802.0,251.0,-143.0,,,,-15.0,,4675.0,,-845.0,,,,,-1563.0,2257.0,-665.0,,,694.0,-738.0,-665.0,-3.0,-725.0,,451.0,451.0,-1247.0,-1769.0,1914.0,-2488.0,,,,-69.0,-3326.0,,-207.0,,3909.0,4326.0,3830.0
ADDT-B.ST,935.0,-12.0,-64.0,,,,,-298.0,2709.0,,-233.0,,,,,,,-1602.0,,-62.0,3.0,-137.0,-1602.0,-196.0,-1798.0,,-34.0,-34.0,,-755.0,1069.0,-17.0,,,,-441.0,-474.0,,-67.0,,798.0,1168.0,2476.0
ALFA.ST,2418.0,78.0,1587.0,,,,,2267.0,12159.0,,-3336.0,,,,,,,-50.0,,,,105.0,-50.0,,-3281.0,,,,,-3100.0,1664.0,-4850.0,,,,101.0,-6738.0,,94.0,,5135.0,7369.0,8823.0
ASSA-B.ST,5645.0,93.0,208.0,,,,395.0,,21391.0,,-2562.0,,,,,,,-12136.0,460.0,-279.0,-186.0,-1784.0,-11676.0,,-13925.0,,-112.0,-112.0,,-5999.0,7044.0,-3736.0,,,,-32.0,-4447.0,,20.0,,1466.0,4504.0,18829.0
AZN.ST,5065.0,1527.0,-893.0,,,,,,11861.0,,-4586.0,,,,,-96.0,108.0,-3940.0,13.0,-2539.0,12.0,-1869.0,-3927.0,,-7980.0,,-43.0,-43.0,,-4629.0,6492.0,-4652.0,,,,-817.0,-3996.0,,-93.0,,5637.0,5429.0,7275.0
ATCO-A.ST,8785.0,,2068.0,,,,,-899.0,36887.0,,-6024.0,,,,,,52.0,-7424.0,,-1788.0,52.0,-4162.0,-7424.0,,-13322.0,,943.0,943.0,-898.0,-13647.0,376.0,-1296.0,,,,533.0,-15864.0,,380.0,,10887.0,18968.0,30863.0
ATCO-B.ST,8785.0,,2068.0,,,,,-899.0,36887.0,,-6024.0,,,,,,52.0,-7424.0,,-1788.0,52.0,-4162.0,-7424.0,,-13322.0,,943.0,943.0,-898.0,-13647.0,376.0,-1296.0,,,,533.0,-15864.0,,380.0,,10887.0,18968.0,30863.0
BOL.ST,6783.0,-1667.0,1922.0,,,,92.0,3001.0,17659.0,,-14988.0,,,,,,,,,-22.0,-8.0,-14966.0,,,-14996.0,,,,,-2051.0,14946.0,-13485.0,,,,,-590.0,,1.0,,4978.0,7052.0,2671.0
EPI-A.ST,3097.0,-447.0,-574.0,,,,,-543.0,10460.0,,-1856.0,,,,,-192.0,,-9658.0,,-966.0,-192.0,-874.0,-9658.0,,-11690.0,,290.0,290.0,,-4591.0,12164.0,-5295.0,,,,,1899.0,,109.0,,6401.0,7179.0,8604.0
EQT.ST,436.0,321.0,66.0,,,,,,464.0,,-17.0,,,,,,,,0.0,0.0,,-17.0,0.0,-29.0,-2.0,,0.0,0.0,-118.0,-373.0,,,,,,1.0,-574.0,,22.0,,1114.0,1024.0,447.0
ERIC-B.ST,10020.0,1731.0,22817.0,6782.0,2576.0,496.0,2755.0,,46261.0,46261.0,-3640.0,,,,,-19622.0,11247.0,-397.0,86.0,,-8375.0,-2224.0,-311.0,-3742.0,-15952.0,-15952.0,,,,-9233.0,3615.0,-18409.0,,,,162.0,-23865.0,-23865.0,2251.0,,35190.0,43885.0,42621.0
ESSITY-B.ST,7505.0,544.0,-408.0,,,,,2756.0,16801.0,,-7396.0,,,,,,,-17.0,17980.0,-7396.0,-1137.0,103.0,17963.0,-87.0,9407.0,,,,-2224.0,-5443.0,1397.0,-15004.0,,,,-63.0,-22336.0,,163.0,,6927.0,10962.0,9405.0
EVO.ST,142.22,-151.04,-58.88,,,,-1.01,,1301.0,,-136.71,,,,,,,-7.58,,-71.39,-103.67,-65.32,-7.58,,-247.97,,17.45,17.45,-677.99,-559.27,,,,,,,-1238.08,,0.76,,985.76,801.47,1164.29
SHB-A.ST,2435.0,1770.0,14188.0,,,,-61706.0,,44529.0,,-1627.0,,,,,,6.0,-175.0,17147.0,-678.0,6.0,-551.0,16972.0,-1.0,15748.0,,,,,-25740.0,5704.0,-13371.0,,,,,-33407.0,,26957.0,,476181.0,530009.0,42902.0
HM-B.ST,22252.0,78.0,-4989.0,,,,,346.0,31756.0,,-11448.0,,,,,,,,,-1388.0,-126.0,-10060.0,,-126.0,-11574.0,,,,-2928.0,-10456.0,0.0,-248.0,,,,24.0,-29205.0,,-35.0,,26398.0,17340.0,20308.0
HEXA-B.ST,577.5,1.0,94.0,,,,,75.6,1588.2,,-632.3,,,,,-10.0,6.9,-112.4,27.8,-516.8,-3.1,-105.6,-84.6,-92.6,-710.1,,-88.8,-88.8,0.0,-349.0,1162.6,-1480.1,,,,-317.5,-764.1,,2.7,,547.1,663.8,955.9
INDU-C.ST,,,,,,,,,,,,,,,,-4566.0,0.0,,,,-4566.0,,,,-4566.0,,,,,-3347.0,1000.0,-1403.0,,,,0.0,-3750.0,,,,869.0,843.0,8290.0
INVE-B.ST,,,,,,,,,,,-4420.0,,,,,-18422.0,11667.0,-3749.0,0.0,,-6755.0,-71.0,-3749.0,-487.0,-11062.0,,0.0,0.0,-356.0,-14704.0,21389.0,-17031.0,,,,-3864.0,-14566.0,,471.0,,18794.0,17220.0,19162.0
LIFCO-B.ST,1684.0,-11.0,94.0,,,,,-124.0,4485.0,,-536.0,,,,,,,-2891.0,,-38.0,,-409.0,-2891.0,,-3338.0,,,,,-1229.0,7791.0,-7963.0,,,,-3.0,-1404.0,,183.0,,1591.0,1517.0,3949.0
NIBE-B.ST,2245.0,680.0,180.0,,,,,-2495.0,4006.0,,-2647.0,,,,,,,-621.0,,-472.0,,-2156.0,-621.0,404.0,-2845.0,,,,,-1310.0,6054.0,-4153.0,,,,,-64.0,,227.0,,4283.0,5607.0,1359.0
NDA-SE.ST,562.0,-12.0,-6563.0,,,,4920.0,7894.0,906.0,,-560.0,,,,,,,-2393.0,,-469.0,,-54.0,-2393.0,,-2916.0,,,,,-3218.0,2192.0,-762.0,,,,-26.0,-2347.0,,560.0,,51362.0,47565.0,346.0
SAAB-B.ST,2645.0,-68.0,-1003.0,,,,7218.0,3589.0,6732.0,,-4839.0,,,,,-1894.0,2471.0,-15.0,25.0,-297.0,577.0,-3942.0,10.0,,-4182.0,,,,,-856.0,331.0,-678.0,,,,,-1934.0,,98.0,,2129.0,2843.0,1893.0
SAND.ST,7981.0,102.0,1256.0,,,,,-280.0,20607.0,,-4841.0,,,,,-23.0,140.0,-3209.0,,-1269.0,117.0,-3308.0,-3209.0,-2.0,-7671.0,,,,-61.0,-6880.0,5928.0,-10535.0,,,,-1.0,-12988.0,,216.0,,4363.0,4528.0,15766.0
SCA-B.ST,2116.0,-1826.0,-1040.0,,,,,-317.0,3486.0,,-2171.0,,,,,,,-117.0,,-827.0,24.0,-784.0,-117.0,,-1704.0,,,,,-1931.0,2653.0,-1466.0,,,,,-959.0,,3.0,,502.0,1328.0,1315.0
SEB-A.ST,,,,,,,,,-34433.0,,-1189.0,,,,,-133.0,1.0,-3694.0,,-1174.0,-132.0,,-3694.0,,-5000.0,,,,-8340.0,-23709.0,16245.0,0.0,,,,1.0,-15803.0,,18059.0,,320879.0,283702.0,-35622.0
SKA-B.ST,3253.0,-24.0,4799.0,,,,,5581.0,9113.0,,-2677.0,,,,,-8503.0,3683.0,,2.0,-7.0,-4820.0,-2343.0,2.0,1.0,-5767.0,,,,-207.0,-2257.0,3830.0,-2247.0,,,,45.0,-2843.0,,11.0,,17912.0,18426.0,6436.0
SKF-B.ST,4432.0,961.0,-804.0,,,,-302.0,,10792.0,,-5091.0,,,,,,,-587.0,0.0,-14.0,-4.0,-4997.0,-587.0,,-5602.0,,,,,-3832.0,464.0,-3153.0,,,,-167.0,-7573.0,,103.0,,13311.0,11031.0,5701.0
SWED-A.ST,2960.0,519.0,49321.0,,,,-3017.0,28930.0,80817.0,,-407.0,,,,,,,-240.0,,,,-93.0,-240.0,,-147.0,,,,,-17048.0,27553.0,-22242.0,,,,,-12645.0,,4585.0,,252994.0,325604.0,80410.0
TEL2-B.ST,5944.0,1068.0,76.0,,,,-60.0,54.0,9778.0,,-3975.0,,,,,,,-43.0,5.0,-892.0,10.0,-3080.0,-38.0,1.0,-3999.0,,,,,-4777.0,3650.0,-4543.0,,,,,-7100.0,,5.0,,1634.0,317.0,5803.0
TELIA.ST,24520.0,1051.0,-3097.0,,,,388.0,-5110.0,21196.0,,-13889.0,,,,,,,-40.0,8071.0,-13647.0,6638.0,,8031.0,-1.0,4107.0,,,,,-7864.0,79.0,-19883.0,,,,1413.0,-27341.0,,85.0,,11764.0,9812.0,7307.0
VOLV-B.ST,22548.0,-4015.0,-28298.0,,,,-2435.0,,46444.0,,-18385.0,,,,,-4905.0,16.0,-7911.0,2387.0,-4012.0,-4889.0,-13892.0,-5524.0,-709.0,-24137.0,,,,,-36602.0,342066.0,-327245.0,,,,-74.0,-21871.0,,1410.0,,83326.0,85171.0,28059.0
ABN.AS,160.0,750.0,-12564.0,,,,-1916.0,,-10795.0,,-452.0,,,,,-49211.0,44645.0,-25.0,183.0,-140.0,-4566.0,-264.0,158.0,1.0,-4811.0,,,,-500.0,-1244.0,45140.0,-37001.0,,,,-121.0,6162.0,,19.0,,55054.0,45629.0,-11247.0
ADYEN.AS,104.46,-351.19,654.12,,,,,,1704.78,,-101.25,,,,,-26.2,,,,,-17.37,-98.22,,,-118.62,,112.01,112.01,,,,,,,,,70.6,,1.3,,17042.25,18700.3,1603.53
AGN.AS,-31.0,10527.0,10821.0,,,,,,762.0,761.0,-66.0,,,,,,,-49.0,56.0,-15.0,,-31.0,7.0,-1.0,300.0,300.0,,,-925.0,-521.0,700.0,-946.0,,,,-63.0,-1755.0,-1755.0,88.0,,4074.0,3469.0,696.0
AD.AS,3478.0,562.0,-10.0,,,,97.0,,6224.0,,-2299.0,,,,,,0.0,-26.0,21.0,,0.0,,-5.0,-1940.0,-1727.0,,,,-1000.0,-1037.0,1594.0,-782.0,,,,-2.0,-1983.0,,168.0,,3475.0,6157.0,6224.0
AKZA.AS,371.0,73.0,-199.0,,,,-206.0,,673.0,,-306.0,,,,,-320.0,423.0,,3.0,,103.0,,3.0,69.0,-132.0,,,,0.0,-385.0,2807.0,-3102.0,,,,-4.0,-684.0,,-32.0,,1453.0,1273.0,367.0
ASM.AS,195.8,-71.84,-21.53,,,,183.08,,897.65,,-364.73,,,,,,,,,,-7.72,8.82,,,-349.97,,0.0,0.0,-151.37,-135.49,,,,,,,-301.03,,42.58,,637.26,926.5,532.92
ASML.AS,918.6,,2053.3,2561.3,-139.9,1127.6,-1299.0,,11166.2,11166.2,-2083.1,,,,,-305.2,305.2,0.0,,-15.9,0.0,-2067.2,0.0,-526.2,-2609.3,-2609.3,124.0,124.0,-500.0,-2452.9,22.5,-25.7,,,,,-2832.1,-2832.1,6.4,,7004.7,12735.9,9083.1
ASRNL.AS,93.0,2.0,2134.0,,,,-1447.0,2393.0,3583.0,,-34.0,,,,,,,-18.0,2263.0,-5.0,,-29.0,2245.0,,2211.0,,,,,-484.0,1165.0,-741.0,,,,-5.0,-130.0,,,,2246.0,7910.0,3549.0
BESI.AS,28.6,7.07,-39.09,,,,-7.4,,201.08,,-31.48,,,,,,,,,,-105.0,,,,-136.48,,,,-79.83,-171.53,350.78,,,,,,88.67,,0.56,,188.48,342.32,169.61
DSFIR.AS,,,198.0,,,,,,1778.0,,-764.0,,,,,,,-5.0,42.0,-764.0,43.0,,37.0,393.0,-252.0,,21.0,21.0,-706.0,-667.0,,,,,,-53.0,-1334.0,,19.0,,2456.0,2667.0,1014.0
EXO.AS,0.0,453.0,299.0,,,,299.0,,47.0,,,,,,,-3.0,75.0,0.0,,,72.0,0.0,0.0,-143.0,-58.0,,6.0,6.0,-249.0,-99.0,1088.0,-715.0,,,,,-56.0,,21.0,,215.0,169.0,47.0
HEIA.AS,2605.0,759.0,845.0,,,,,,5503.0,,-2465.0,,,,,,,-48.0,58.0,-281.0,,-2032.0,10.0,,-2435.0,,,,-5.0,-1199.0,3076.0,-4091.0,,,,,-2574.0,,-166.0,,1425.0,1753.0,3038.0
IMCD.AS,136.61,31.08,-85.25,,,,,,279.21,,-26.45,,,,,-0.2,,-364.94,,-8.74,-0.2,-14.06,-364.94,,-387.95,,291.99,291.99,,-127.65,976.85,-862.2,,,,-0.0,247.06,,-7.41,,394.46,525.38,252.76
INGA.AS,673.0,354.0,-31311.0,18049.0,,,577.0,-7800.0,-22544.0,-22545.0,-332.0,,,,,-131552.0,125801.0,,0.0,,-5751.0,-282.0,0.0,,-6033.0,-6033.0,,,,-3879.0,129304.0,-116235.0,,,,1.0,5374.0,5373.0,-740.0,,93012.0,69069.0,-22876.0
KPN.AS,1240.0,262.0,58.0,,,,-7.0,65.0,2264.0,,-1314.0,,,,,-33.0,95.0,-235.0,26.0,-308.0,62.0,-941.0,-209.0,16.0,-1442.0,,,,-200.0,-646.0,996.0,-939.0,,,,163.0,-769.0,,,,608.0,662.0,950.0
NN.AS,152.0,339.0,37.0,,,,-752.0,779.0,62.0,,,,,,,-29421.0,34344.0,-525.0,278.0,,4923.0,,-247.0,,4533.0,,,,,-428.0,10588.0,-12438.0,,,,,-2986.0,,-72.0,,6670.0,8207.0,62.0
PHIA.AS,1389.0,290.0,-94.0,316.0,-1.0,-583.0,,-51.0,1569.0,1569.0,-676.0,,,,,-123.0,95.0,-8.0,126.0,-118.0,-28.0,13.0,118.0,,-573.0,-573.0,0.0,0.0,-411.0,-1.0,710.0,-763.0,,,,-1.0,-496.0,-497.0,45.0,,1869.0,2401.0,893.0
PRX.AS,146.0,-418.0,10.0,,,,,,1920.0,,-106.0,,,,,-23527.0,26620.0,-473.0,9346.0,-22.0,3093.0,-80.0,8873.0,11.0,11875.0,,,,-8420.0,-268.0,110.0,-43.0,,,,-70.0,-8739.0,,-95.0,,2160.0,7074.0,1814.0
RAND.AS,325.0,5.0,-89.0,,,,-70.0,-19.0,649.0,,-84.0,,,,,,,-415.0,2.0,,,-84.0,-413.0,,-518.0,,,,-183.0,-635.0,2111.0,-975.0,,,,,-21.0,,-14.0,,261.0,357.0,565.0
REN.AS,706.0,77.0,-146.0,,,,,,2608.0,,-484.0,,,,,-4.0,,-198.0,74.0,,-4.0,-20.0,-124.0,,-575.0,,-28.0,-28.0,-1000.0,-1121.0,711.0,-1017.0,,,,-1.0,-2065.0,,-4.0,,155.0,119.0,2124.0
SHELL.AS,26872.0,3126.0,2062.0,,,,,,54687.0,,-19601.0,,,,,-80.0,582.0,-1404.0,590.0,,502.0,1621.0,-814.0,738.0,-15155.0,,-789.0,-789.0,-14687.0,-8668.0,363.0,-9672.0,,,,-609.0,-38435.0,,-761.0,,38774.0,39110.0,35086.0
UMG.AS,409.0,,-5.0,,,,,,1755.0,,-449.0,,,,,-145.0,79.0,-553.0,0.0,-358.0,-66.0,2.0,-553.0,,-1051.0,,,,,-933.0,4321.0,-3755.0,,,,2.0,-552.0,,6.0,,387.0,545.0,1306.0
UNA.AS,1757.0,825.0,-160.0,,,,,,9519.0,,-1971.0,,,,,-166.0,592.0,-795.0,985.0,-233.0,426.0,-1701.0,190.0,,-625.0,,,,-1508.0,-4319.0,,,,,,-291.0,-6941.0,,-48.0,,4045.0,5950.0,7548.0
WKL.AS,479.0,70.0,82.0,,,,,,1654.0,,-313.0,,,,,,,-335.0,1.0,,-6.0,,-334.0,,-652.0,,,,-1000.0,-521.0,1237.0,-738.0,,,,-2.0,-1086.0,,40.0,,989.0,954.0,1341.0
