Ticker,period_end,Total Revenue,Cost Of Revenue,Gross Profit,Research Development,Selling General Administrative,Operating Expense,Other Operating Expenses,Operating Income,Total Other Income Expense Net,Ebit,Interest Expense,Income Before Tax,Tax Provision,Minority Interest,Net Income From Continuing Ops,Discontinued Operations,Extraordinary Items,Effect Of Accounting Charges,Other Items,Net Income,Net Income Applicable To Common Shares,Basic EPS,Diluted EPS,Basic Average Shares,Diluted Average Shares,Normalized Income,Depreciation,Depreciation & Amortization,Depreciation Depletion & Amortization,Preferred Dividends,Net Interest Income,Provision for Loan Losses,Total Premiums Earned
ACS.MC,2024-12-31 00:00:00,41633120000.0,28284489000.0,13348631000.0,,,12523948000.0,2665056000.0,824683000.0,,,719300000.0,,-86479000.0,,,,,,,827580000.0,,3.11037,3.11037,266052034.0,266052034.0,435343962.0,,,,,-408086000.0,,
ACX.MC,2024-12-31 00:00:00,5413128000.0,3553243000.0,1859885000.0,,,1652161000.0,809289000.0,207724000.0,,,108114000.0,,126955000.0,,,,,,,224946000.0,,0.9,0.9,249335371.0,249335371.0,129779894.148746,,,,,-19870000.0,,
AMS.MC,2024-12-31 00:00:00,6141700000.0,3486700000.0,2655000000.0,,,1027400000.0,327200000.0,1627600000.0,,,108600000.0,,295600000.0,,,,,,,1253000000.0,,2.87,2.79,436069462.0,452096083.0,1247094300.0,,,,,-87100000.0,,
ANA.MC,2024-12-31 00:00:00,19190000000.0,7059000000.0,12131000000.0,,,11112000000.0,411000000.0,1019000000.0,,,658000000.0,,156000000.0,,,,,,,422000000.0,,,,,,312141176.470588,,,,,-495000000.0,,
ANE.MC,2024-12-31 00:00:00,3048000000.0,1862000000.0,1186000000.0,,,612000000.0,433000000.0,574000000.0,,,165000000.0,,95000000.0,,,,,,,357000000.0,,1.1,1.1,324397668.0,324397668.0,251016597.510373,,,,,-195000000.0,,
BBVA.MC,2024-12-31 00:00:00,39235000000.0,,,,,,,,,,36394000000.0,,4830000000.0,,,,,,,10054000000.0,,1.68,1.68,5769000000.0,5769000000.0,11596978000.0,,,,,25267000000.0,,
BKT.MC,2024-12-31 00:00:00,3082391000.0,,,,,1270432000.0,236925000.0,,,,2121379000.0,,406727000.0,,,,,,,952971000.0,,1.06,1.03,898866000.0,898866000.0,1042002822.5,,,,,2278410000.0,,
CABK.MC,2024-12-31 00:00:00,17039000000.0,,,,,7801000000.0,1616000000.0,,,,9789000000.0,,2525000000.0,,,,,,,5787000000.0,,0.76,0.76,7262000000.0,7262000000.0,5870940000.0,,,,,11108000000.0,,
CLNX.MC,2024-12-31 00:00:00,4070205000.0,,,,,3486442000.0,864655000.0,583763000.0,,,816463000.0,,-657779000.0,,,,,,,-28043000.0,,-0.039684,-0.039684,705571553.0,705571553.0,282409750.0,,,,,-870148000.0,,
COL.MC,2024-12-31 00:00:00,502412000.0,92344000.0,410068000.0,,,91635000.0,45014000.0,318433000.0,,,106422000.0,,-35003000.0,,,,,,,307395000.0,,0.53,0.53,576863000.0,576863000.0,296955750.0,,,,,-80857000.0,,
AENA.MC,2024-12-31 00:00:00,5763531000.0,1633254000.0,4130277000.0,,,1506826000.0,1562519000.0,2623451000.0,,,245748000.0,,583652000.0,,,,,,,1934224000.0,,1.289,1.289,1500561676.0,1500561676.0,1916042187.032805,,,,,-141704000.0,,
ELE.MC,2024-12-31 00:00:00,20927000000.0,13438000000.0,7489000000.0,,,3309000000.0,717000000.0,4180000000.0,,,457000000.0,,696000000.0,,,,,,,1888000000.0,,1.78,1.78,1058458650.0,1058458650.0,2784206000.0,,,,,-435000000.0,,
ENG.MC,2024-12-31 00:00:00,905546000.0,59363000.0,846183000.0,,,558430000.0,94270000.0,287753000.0,,,106225000.0,,-13942000.0,,,,,,,-299309000.0,,-1.1467,-1.1467,261029000.0,261029000.0,358406538.641866,,,,,-58966000.0,,
FDR.MC,2024-12-31 00:00:00,2136402000.0,887929000.0,1248473000.0,,,980811000.0,164389000.0,267662000.0,,,63395000.0,,51032000.0,,,,,,,138068000.0,,0.72731,0.72731,189833227.0,189833227.0,143132609.522034,,,,,-67545000.0,,
FER.MC,2024-12-31 00:00:00,9147000000.0,1115000000.0,8032000000.0,,,7131000000.0,4219000000.0,901000000.0,,,477000000.0,,145000000.0,,,,,,,3239000000.0,,4.47,4.47,724191000.0,724191000.0,545640000.0,,,,,-309000000.0,,
GRF.MC,2024-12-31 00:00:00,7212382000.0,4417844000.0,2794538000.0,,,1639327000.0,,1155211000.0,,,602571000.0,,231190000.0,,,,,,,156920000.0,,0.23,0.23,679668551.0,679916715.0,192091250.0,,,,,-701124000.0,,
IAG.MC,2024-12-31 00:00:00,32100000000.0,24521000000.0,7579000000.0,,,3278000000.0,1120000000.0,4301000000.0,,,902000000.0,,831000000.0,,,,,,,2732000000.0,,0.557,0.555,4903453000.0,5259658000.0,2836312000.0,,,,,-450000000.0,,
IBE.MC,2024-12-31 00:00:00,44739000000.0,20863000000.0,23876000000.0,,,12108000000.0,6793000000.0,11768000000.0,,,1997000000.0,,2150000000.0,,,,,,,5612000000.0,,0.837,0.835,6440265033.0,6456292802.0,7125490000.0,,,,,-1685000000.0,,
IDR.MC,2024-12-31 00:00:00,4842857000.0,3161296000.0,1681561000.0,,,1234789000.0,308606000.0,446772000.0,,,52074000.0,,105981000.0,,,,,,,277541000.0,,1.5799,1.5799,175672641.0,175672641.0,276840167.0,,,,,-54694000.0,,
ITX.MC,2025-01-31 00:00:00,38632000000.0,16288000000.0,22343000000.0,,,14670000000.0,1227000000.0,7673000000.0,,,353000000.0,,1700000000.0,,,,,,,5866000000.0,,1.884,1.881,3114452983.0,3118553961.0,5958300778.672298,,,,,89000000.0,,
LOG.MC,2024-09-30 00:00:00,12985534000.0,11228784000.0,1756750000.0,,,1437129000.0,779948000.0,319621000.0,,,8319000.0,,110910000.0,,,,,,,308235000.0,,2.34,2.34,131938000.0,131938000.0,304428435.0,,,,,93029000.0,,
MAP.MC,2024-12-31 00:00:00,25833400000.0,,,,,,279900000.0,,,,,,512500000.0,,,,,,,967500000.0,,0.315,0.315,3067400000.0,3067400000.0,1040749533.288885,,,,,122600000.0,,
MRL.MC,2024-12-31 00:00:00,494572000.0,,,,,117089000.0,71406000.0,377483000.0,,,130214000.0,,12195000.0,,,,,,,283759000.0,,0.56,0.56,509857000.0,509857000.0,285615225.710752,,,,,-92598000.0,,
MTS.MC,2024-12-31 00:00:00,62441000000.0,56653000000.0,5788000000.0,,,2680000000.0,202000000.0,3108000000.0,,,510000000.0,,1535000000.0,,,,,,,1339000000.0,,1.7,1.69,788000000.0,791000000.0,1778240000.0,,,,,-407000000.0,,
NTGY.MC,2024-12-31 00:00:00,19267000000.0,11565000000.0,7702000000.0,,,3941000000.0,2001000000.0,3761000000.0,,,490000000.0,,835000000.0,,,,,,,1901000000.0,,,,,,1989510000.0,,,,,-465000000.0,,
PUIG.MC,2024-12-31 00:00:00,4789779000.0,1201679000.0,3588100000.0,,,2838714000.0,9328000.0,749386000.0,,,76807000.0,,149973000.0,,,,,,,530649000.0,,0.98,0.98,540509079.0,540509079.0,638153334.0,,,,,29648000.0,,
RED.MC,2024-12-31 00:00:00,1594204000.0,-38319000.0,1632523000.0,,,924112000.0,401259000.0,708411000.0,,,143572000.0,,148791000.0,,,,,,,368438000.0,,0.68,0.68,541080000.0,541080000.0,507083817.2,,,,,-94029000.0,,
REP.MC,2024-12-31 00:00:00,57122000000.0,46216000000.0,10906000000.0,,,8299000000.0,4710000000.0,2607000000.0,,,501000000.0,,562000000.0,,,,,,,1756000000.0,,1.43,1.43,1183000000.0,1183000000.0,2298596685.082873,,,,,129000000.0,,
ROVI.MC,2024-12-31 00:00:00,763749000.0,285403000.0,478346000.0,,,298801000.0,95682000.0,179545000.0,,,1988000.0,,40814000.0,,,,,,,136881000.0,,2.676097,2.676097,51149498.0,51149498.0,136818630.0,,,,,-2091000.0,,
SAB.MC,2024-12-31 00:00:00,6543842000.0,,,,,3501423000.0,524236000.0,,,,4692057000.0,,685272000.0,,,,,,,1826805000.0,,0.32,0.32,5376450440.0,5376450440.0,1912119563.8,,,,,5021335000.0,,
SAN.MC,2024-12-31 00:00:00,63842000000.0,,,,,,,,,,66067000000.0,,5283000000.0,,,,,,,12574000000.0,,0.771,0.768,15497607269.0,15567717839.0,13039161200.0,,,,,46668000000.0,,
SCYR.MC,2024-12-31 00:00:00,4571004000.0,1451202000.0,3119802000.0,,,1893452000.0,1287021000.0,1226350000.0,,,749318000.0,,171724000.0,,,,,,,113373000.0,,0.15,0.15,734622000.0,734622000.0,82092205.6,,,,,-707626000.0,,
SLR.MC,2024-12-31 00:00:00,176906000.0,2033000.0,174873000.0,,,46123000.0,11688000.0,128750000.0,,,38096000.0,,31529000.0,,,,,,,88614000.0,,,,,,67298196.332704,,,,,-37552000.0,,
TEF.MC,2024-12-31 00:00:00,41315000000.0,12557000000.0,28758000000.0,,,24180000000.0,7852000000.0,4578000000.0,,,2998000000.0,,348000000.0,,,,,,,-49000000.0,,-0.06,-0.06,5635695000.0,5672270000.0,1416500000.0,,,,,-2018000000.0,,
UNI.MC,2024-12-31 00:00:00,2128430000.0,,,,,1283537000.0,414262000.0,,,,1155110000.0,,242953000.0,,,,,,,573334000.0,,0.217,0.217,2612444000.0,2612444000.0,584852123.532835,,,,,1538082000.0,,
AC.PA,2024-12-31 00:00:00,5606000000.0,2867000000.0,2739000000.0,,,1960000000.0,1579000000.0,779000000.0,,,141000000.0,,193000000.0,,,,,,,610000000.0,,2.34,2.33,260683761.0,261802575.0,648242800.0,,,,,-88000000.0,,
AI.PA,2024-12-31 00:00:00,27057800000.0,10008200000.0,17049600000.0,,,11658200000.0,4221400000.0,5391400000.0,,,258400000.0,,1086500000.0,,,,,,,3306100000.0,,5.74,5.74,576457564.0,576457564.0,3644908000.0,,,,,-418400000.0,,
AIR.PA,2024-12-31 00:00:00,69230000000.0,58555000000.0,10675000000.0,,,5871000000.0,,4804000000.0,,,900000000.0,,1347000000.0,,,,,,,4232000000.0,,5.36,5.35,789961671.0,790991077.0,4374880000.0,,,,,39000000.0,,
MT.AS,2024-12-31 00:00:00,62441000000.0,56653000000.0,5788000000.0,,,2680000000.0,202000000.0,3108000000.0,,,510000000.0,,1535000000.0,,,,,,,1339000000.0,,1.7,1.69,788000000.0,791000000.0,1778240000.0,,,,,-407000000.0,,
CS.PA,2024-12-31 00:00:00,89823000000.0,,,,,,2812000000.0,,,,607000000.0,,2459000000.0,,,,,,,7886000000.0,,3.304729,3.304729,2175367655.0,2175367655.0,7331000000.0,,,,,-607000000.0,,
BNP.PA,2024-12-31 00:00:00,65870000000.0,,,,,47403000000.0,11428000000.0,,,,63496000000.0,,4001000000.0,,,,,,,11688000000.0,,9.57,9.57,1133302357.0,1133302357.0,11631912000.0,,,,,19524000000.0,,
EN.PA,2024-12-31 00:00:00,56752000000.0,25434000000.0,31318000000.0,,,28672000000.0,11564000000.0,2646000000.0,,,499000000.0,,617000000.0,,,,,,,1058000000.0,,2.8,2.8,377857143.0,377857143.0,1303272000.0,,,,,-401000000.0,,
BVI.PA,2024-12-31 00:00:00,6240900000.0,1739800000.0,4501100000.0,,,3567700000.0,19100000.0,933400000.0,,,101100000.0,,273800000.0,,,,,,,569400000.0,,,,,,569400000.0,,,,,-75500000.0,,
CAP.PA,2024-12-31 00:00:00,22096000000.0,16044000000.0,6052000000.0,,,3520000000.0,46000000.0,2532000000.0,,,183000000.0,,681000000.0,,,,,,,1671000000.0,,,,,,1815872000.0,,,,,24000000.0,,
CA.PA,2024-12-31 00:00:00,87270000000.0,70302000000.0,16968000000.0,,,14795000000.0,1481000000.0,2173000000.0,,,785000000.0,,303000000.0,,,,,,,723000000.0,,,,,,1126904849.039341,,,,,-715000000.0,,
ACA.PA,2024-12-31 00:00:00,25328000000.0,,,,,14899000000.0,4918000000.0,,,,49146000000.0,,2472000000.0,,,,,,,7087000000.0,,2.109,2.109,3015082065.0,3015082065.0,6842109100.0,,,,,14298000000.0,,
BN.PA,2024-12-31 00:00:00,27376000000.0,13769000000.0,13607000000.0,,,10126000000.0,179000000.0,3481000000.0,,,600000000.0,,929000000.0,,,,,,,2021000000.0,,3.14,3.13,643283916.0,644436743.0,2021000000.0,,,,,-380000000.0,,
DSY.PA,2024-12-31 00:00:00,6213600000.0,1016300000.0,5197300000.0,,,3822600000.0,15000000.0,1374700000.0,,,48900000.0,,279900000.0,,,,,,,1200200000.0,,0.91,0.9,1313306086.0,1333387463.0,1213419300.0,,,,,128100000.0,,
EDEN.PA,2024-12-31 00:00:00,2856000000.0,1144000000.0,1712000000.0,,,783000000.0,558000000.0,929000000.0,,,,,254000000.0,,,,,,,507000000.0,,2.07,2.01,245286351.0,252646478.0,569062000.0,,,,,-32000000.0,,
ENGI.PA,2024-12-31 00:00:00,73812000000.0,49465000000.0,24347000000.0,,,14908000000.0,2341000000.0,9439000000.0,,,2967000000.0,,2215000000.0,,,,,,,4106000000.0,,1.66,1.65,2425000000.0,2436000000.0,4481236677.334075,,,,,-2644000000.0,,
EL.PA,2024-12-31 00:00:00,26508000000.0,9702000000.0,16805000000.0,,,13358000000.0,252000000.0,3447000000.0,,,165000000.0,,800000000.0,,,,,,,2359000000.0,,5.2,5.13,453926761.0,460012730.0,2359000000.0,,,,,-160000000.0,,
ERF.PA,2024-12-31 00:00:00,6951000000.0,2238800000.0,4712200000.0,,,3986000000.0,46000000.0,726200000.0,,,150800000.0,,149100000.0,,,,,,,406400000.0,,2.13,2.09,190600000.0,194500000.0,437506700.0,,,,,-131500000.0,,
RMS.PA,2024-12-31 00:00:00,15170000000.0,4511000000.0,10659000000.0,,,4511000000.0,942000000.0,6148000000.0,,,,,1845000000.0,,,,,,,4603000000.0,,43.93,43.87,104780332.0,104923638.0,4603000000.0,,,,,283000000.0,,
KER.PA,2024-12-31 00:00:00,17194000000.0,4513000000.0,12681000000.0,,,10127000000.0,7110000000.0,2554000000.0,,,,,461000000.0,,,,,,,1133000000.0,,9.24,9.24,122619048.0,122619048.0,1309418000.0,,,,,-614000000.0,,
OR.PA,2024-12-31 00:00:00,43486800000.0,11227000000.0,32259800000.0,,,23572300000.0,,8687500000.0,,,384300000.0,,2015100000.0,,,,,,,6408700000.0,,11.99,11.95,534482831.0,536078431.0,6639372150.742924,,,,,-261400000.0,,
LR.PA,2024-12-31 00:00:00,8648900000.0,4182800000.0,4466100000.0,,,2823400000.0,139700000.0,1642700000.0,,,153900000.0,,409000000.0,,,,,,,1166400000.0,,4.452,4.423,261976092.0,263709361.0,1166400000.0,,,,,-50900000.0,,
MC.PA,2024-12-31 00:00:00,84683000000.0,27918000000.0,56765000000.0,,,37187000000.0,,19578000000.0,,,1186000000.0,,5157000000.0,,,,,,,12550000000.0,,,,,,12741620000.0,,,,,-1234000000.0,,
ML.PA,2024-12-31 00:00:00,27193000000.0,19445000000.0,7748000000.0,,,4561000000.0,70000000.0,3187000000.0,,,295000000.0,,555000000.0,,,,,,,1884000000.0,,2.65,2.62,712283891.0,716960000.0,2265089000.0,,,,,-171000000.0,,
ORA.PA,2024-12-31 00:00:00,40260000000.0,16649000000.0,23611000000.0,,,17496000000.0,2050000000.0,6115000000.0,,,1312000000.0,,1355000000.0,,,,,,,2350000000.0,,0.82,0.82,2658606474.0,2659826500.0,2578192592.592593,,,,,-1041000000.0,,
RI.PA,2024-06-30 00:00:00,11598000000.0,4623000000.0,6975000000.0,,,3866000000.0,1994000000.0,3109000000.0,,,458000000.0,,766000000.0,,,,,,,1476000000.0,,5.84,5.83,252595588.0,253188307.0,1733280000.0,,,,,-419000000.0,,
PUB.PA,2024-12-31 00:00:00,16030000000.0,,,,,13745000000.0,3792000000.0,2285000000.0,,,122000000.0,,549000000.0,,,,,,,1660000000.0,,6.62,6.55,250677462.0,253565798.0,1698301000.0,,,,,-29000000.0,,
RNO.PA,2024-12-31 00:00:00,56232000000.0,44500000000.0,11732000000.0,,,7658000000.0,189000000.0,4074000000.0,,,379000000.0,,647000000.0,,,,,,,752000000.0,,2.76,2.72,272374000.0,276883000.0,2360020000.0,,,,,-167000000.0,,
SAF.PA,2024-12-31 00:00:00,27716000000.0,14445000000.0,13271000000.0,,,9281000000.0,334000000.0,3990000000.0,,,129000000.0,,-284000000.0,,,,,,,-667000000.0,,-1.6,-1.6,416149530.0,420722353.0,2426297400.0,,,,,99000000.0,,
SGO.PA,2024-12-31 00:00:00,46571000000.0,33688000000.0,12883000000.0,,,7888000000.0,,4995000000.0,,,934000000.0,,994000000.0,,,,,,,2844000000.0,,5.69,5.64,499715108.0,503934048.0,2981437881.873727,,,,,-455000000.0,,
SAN.PA,2024-12-31 00:00:00,44286000000.0,13205000000.0,31081000000.0,,,21619000000.0,3293000000.0,9462000000.0,,,749000000.0,,1204000000.0,,,,,,,5560000000.0,,4.59,4.59,1251400000.0,1251400000.0,7303280000.0,,,,,-560000000.0,,
SU.PA,2024-12-31 00:00:00,38153000000.0,21885000000.0,16268000000.0,,,9698000000.0,107000000.0,6570000000.0,,,483000000.0,,1398000000.0,,,,,,,4269000000.0,,7.61,7.53,560716000.0,569085000.0,4608964000.0,,,,,-381000000.0,,
GLE.PA,2024-12-31 00:00:00,52509000000.0,,,,,43657000000.0,840000000.0,,,,45127000000.0,,1601000000.0,,,,,,,4200000000.0,,4.38,4.38,795168649.0,795168649.0,4637747500.0,,,,,9892000000.0,,
STLAP.PA,2024-12-31 00:00:00,156878000000.0,136360000000.0,20518000000.0,,,15083000000.0,,5435000000.0,,,1523000000.0,,-1488000000.0,,,,,,,5473000000.0,,1.86,1.84,2949652000.0,2975820000.0,6839764000.0,,,,,472000000.0,,
STMPA.PA,2024-12-31 00:00:00,13269000000.0,8049000000.0,5220000000.0,,,3726000000.0,,1494000000.0,,,85000000.0,,313000000.0,,,,,,,1557000000.0,,1.73,1.66,901210072.0,939345283.0,1610120000.0,,,,,218000000.0,,
TEP.PA,2024-12-31 00:00:00,10280000000.0,6927000000.0,3353000000.0,,,2247800000.0,979000000.0,1105200000.0,,,260000000.0,,346000000.0,,,,,,,523000000.0,,8.76,8.71,59706774.0,60035782.0,566448000.0,,,,,-248000000.0,,
HO.PA,2024-12-31 00:00:00,20576600000.0,15202700000.0,5373900000.0,,,3556900000.0,,1817000000.0,,,337400000.0,,247300000.0,,,,,,,1419500000.0,,6.91,6.89,205523000.0,206021000.0,1431228000.0,,,,,-181800000.0,,
TTE.PA,2024-12-31 00:00:00,195610000000.0,140078000000.0,55532000000.0,,,31427000000.0,31427000000.0,24105000000.0,,,2364000000.0,,10775000000.0,,,,,,,15758000000.0,,6.74,6.69,2337982196.0,2337982196.0,14615750000.0,,,,,-290000000.0,,
URW.PA,2024-12-31 00:00:00,3256100000.0,1209900000.0,2046200000.0,,,203200000.0,,1843000000.0,,,1108100000.0,,112800000.0,,,,,,,146200000.0,,1.05,1.04,139497322.0,141126412.0,140503785.16624,,,,,-466200000.0,,
VIE.PA,2024-12-31 00:00:00,44692000000.0,36924000000.0,7768000000.0,,,4516000000.0,,3252000000.0,,,910000000.0,,566000000.0,,,,,,,1098000000.0,,,,,,1343230000.0,,,,,-989000000.0,,
DG.PA,2024-12-31 00:00:00,72768000000.0,30425000000.0,42343000000.0,,,33765000000.0,10083000000.0,8578000000.0,,,1410000000.0,,2102000000.0,,,,,,,4863000000.0,,8.53,8.43,570142178.0,576555974.0,4774750000.0,,,,,-1410000000.0,,
ADS.DE,2024-12-31 00:00:00,23683000000.0,11658000000.0,12025000000.0,,,10734000000.0,-80000000.0,1291000000.0,,,221000000.0,,297000000.0,,,,,,,764000000.0,,4.28,4.28,178549084.0,178563385.0,722925000.0,,,,,-122000000.0,,
AIR.DE,2024-12-31 00:00:00,69230000000.0,58555000000.0,10675000000.0,,,5871000000.0,,4804000000.0,,,900000000.0,,1347000000.0,,,,,,,4232000000.0,,5.36,5.35,789961671.0,790991077.0,4374880000.0,,,,,39000000.0,,
ALV.DE,2024-12-31 00:00:00,119527000000.0,,,,,,35000000.0,,,,762000000.0,,3476000000.0,,,,,,,9931000000.0,,25.2,25.18,388462381.0,388583250.0,10457400000.0,,,,,-762000000.0,,
BAS.DE,2024-12-31 00:00:00,65260000000.0,48174000000.0,17085000000.0,,,13748000000.0,1806000000.0,3337000000.0,,,1054000000.0,,616000000.0,,,,,,,1298000000.0,,1.45,1.45,892522164.0,894971000.0,2088452000.0,,,,,-574000000.0,,
BAYN.DE,2024-12-31 00:00:00,46606000000.0,21270000000.0,25336000000.0,,,22009000000.0,707000000.0,3327000000.0,,,2358000000.0,,212000000.0,,,,,,,-2552000000.0,,-2.6,-2.6,982420000.0,982420000.0,3625650000.0,,,,,-1897000000.0,,
BEI.DE,2024-12-31 00:00:00,9850000000.0,4090000000.0,5760000000.0,,,4422000000.0,59000000.0,1338000000.0,,,45000000.0,,398000000.0,,,,,,,912000000.0,,,,,,902200000.0,,,,,-10000000.0,,
BMW.DE,2024-12-31 00:00:00,142380000000.0,119485000000.0,22895000000.0,,,11501000000.0,580000000.0,11394000000.0,,,573000000.0,,3293000000.0,,,,,,,7290000000.0,,11.62,11.62,570599065.0,570599065.0,7702300000.0,,,,,82000000.0,,
BNR.DE,2024-12-31 00:00:00,16237400000.0,12210900000.0,4026500000.0,,,3136000000.0,532100000.0,890500000.0,,,145400000.0,,198900000.0,,,,,,,536200000.0,,3.71,3.71,144700000.0,144700000.0,533564233.773229,,,,,-131700000.0,,
CBK.DE,2024-12-31 00:00:00,12362000000.0,,,,,7264000000.0,863000000.0,,,,12884000000.0,,989000000.0,,,,,,,2677000000.0,,2.08,2.08,1187511643.0,1187511643.0,3075454000.0,,,,,8332000000.0,,
CON.DE,2024-12-31 00:00:00,39719000000.0,30918000000.0,8800000000.0,,,8028000000.0,94000000.0,772000000.0,,,450000000.0,,689000000.0,,,,,,,1168000000.0,,5.84,5.84,200000000.0,200000000.0,1221340000.0,,,,,-347000000.0,,
1COV.DE,2024-12-31 00:00:00,14179000000.0,12002000000.0,2177000000.0,,,2150000000.0,57000000.0,27000000.0,,,159000000.0,,245000000.0,,,,,,,-266000000.0,,-1.41,-1.41,188740330.0,188740330.0,-317000000.0,,,,,-108000000.0,,
DTG.DE,2024-12-31 00:00:00,54077000000.0,42879000000.0,11198000000.0,,,7037000000.0,397000000.0,4161000000.0,,,348000000.0,,736000000.0,,,,,,,2900000000.0,,3.64,3.64,796000000.0,796000000.0,2895164000.0,,,,,190000000.0,,
DBK.DE,2024-12-31 00:00:00,30048000000.0,,,,,,,,,,36292000000.0,,1786000000.0,,,,,,,3366000000.0,,1.4,1.37,1993600000.0,2039300000.0,5037780000.0,,,,,13064000000.0,,
DB1.DE,2024-12-31 00:00:00,7023400000.0,2925600000.0,4097800000.0,,,1232200000.0,145500000.0,2865600000.0,,,183300000.0,,698900000.0,,,,,,,1948500000.0,,10.6,10.58,183819548.0,184226044.0,1929800500.0,,,,,-141600000.0,,
DPW.DE,,,,,,,,,,,,,,,,,,,,,,,,,,,,,,,,,,
DTE.DE,2024-12-31 00:00:00,115111000000.0,44741000000.0,70370000000.0,,,46162000000.0,3368000000.0,24208000000.0,,,6755000000.0,,5301000000.0,,,,,,,11209000000.0,,2.27,2.27,4938000000.0,4938000000.0,9977000000.0,,,,,-5170000000.0,,
EOAN.DE,2024-12-31 00:00:00,80119000000.0,57484000000.0,22635000000.0,,,14098000000.0,4031000000.0,8537000000.0,,,2098000000.0,,1769000000.0,,,,,,,4531000000.0,,1.73,1.73,2612000000.0,2612000000.0,4180342000.0,,,,,-1693000000.0,,
FRE.DE,2024-12-31 00:00:00,21833000000.0,16455000000.0,5378000000.0,,,3596000000.0,329000000.0,1782000000.0,,,547000000.0,,521000000.0,,,,,,,471000000.0,,0.84,0.84,563237277.0,563237277.0,1042000000.0,,,,,-432000000.0,,
FME.DE,2024-12-31 00:00:00,19335909000.0,14579257000.0,4756652000.0,,,3289272000.0,-37040000.0,1467380000.0,,,407044000.0,,316056000.0,,,,,,,537913000.0,,1.83,1.83,293413449.0,293413449.0,685024860.0,,,,,-335469000.0,,
HNR1.DE,2024-12-31 00:00:00,2655400000.0,,,,,,528600000.0,,,,152100000.0,,816500000.0,,,,,,,2328700000.0,,19.31,19.31,120597011.0,120597011.0,2328700000.0,,,,,-109100000.0,,
HEI.DE,2024-12-31 00:00:00,21156400000.0,7631800000.0,13524600000.0,,,10681700000.0,2532400000.0,2842900000.0,,,272200000.0,,704300000.0,,,,,,,1781800000.0,,9.87,9.87,180581000.0,180581000.0,1961036145.370191,,,,,-208900000.0,,
HEN3.DE,2024-12-31 00:00:00,21586000000.0,10765000000.0,10820000000.0,,,7993000000.0,136000000.0,2827000000.0,,,129000000.0,,691000000.0,,,,,,,2007000000.0,,4.78,4.78,419874477.0,419874477.0,2004762000.0,,,,,-88000000.0,,
IFX.DE,2024-09-30 00:00:00,14955000000.0,8886000000.0,6069000000.0,,,3879000000.0,398000000.0,2190000000.0,,,157000000.0,,378000000.0,,,,,,,1301000000.0,,0.98,0.97,1301000000.0,1305000000.0,1780000000.0,,,,,-43000000.0,,
MBG.DE,2024-12-31 00:00:00,145594000000.0,117018000000.0,28576000000.0,,,16275000000.0,345000000.0,12301000000.0,,,586000000.0,,3738000000.0,,,,,,,10207000000.0,,10.19,10.19,1002000000.0,1002000000.0,10085560000.0,,,,,435000000.0,,
MRK.DE,2024-12-31 00:00:00,21156000000.0,8671000000.0,12485000000.0,,,8467000000.0,328000000.0,4018000000.0,,,292000000.0,,751000000.0,,,,,,,2777000000.0,,6.39,6.39,434777878.0,434777878.0,3090624000.0,,,,,-139000000.0,,
MTX.DE,2024-12-31 00:00:00,7411000000.0,6177000000.0,1234000000.0,,,352000000.0,6000000.0,882000000.0,,,95000000.0,,253000000.0,,,,,,,633000000.0,,,,,,666699000.0,,,,,-55000000.0,,
MUV2.DE,2024-12-31 00:00:00,42306000000.0,,,,,,2258000000.0,,,,327000000.0,,2091000000.0,,,,,,,5685000000.0,,42.78,42.78,132889201.0,132889201.0,5687924000.0,,,,,-328000000.0,,
PAH3.DE,2024-12-31 00:00:00,-19862000000.0,,,,,30000000.0,9000000.0,-19892000000.0,,,360000000.0,,-133000000.0,,,,,,,-20017000000.0,,-65.36,-65.36,153125000.0,153125000.0,-20001105607.94045,,,,,-240000000.0,,
P911.DE,2024-12-31 00:00:00,40082000000.0,29756000000.0,10327000000.0,,,4821000000.0,408000000.0,5506000000.0,,,223000000.0,,1632000000.0,,,,,,,3592000000.0,,3.94,3.94,911000000.0,911000000.0,3536272000.0,,,,,-80000000.0,,
QIA.DE,2024-12-31 00:00:00,1978214000.0,1010864000.0,967350000.0,,,767451000.0,,199899000.0,,,43841000.0,,37556000.0,,,,,,,83591000.0,,0.390857,0.380571,216435138.0,218474861.0,154100720.0,,,,,24175000.0,,
RHM.DE,2024-12-31 00:00:00,9751000000.0,4692000000.0,5059000000.0,,,3652000000.0,593000000.0,1407000000.0,,,135000000.0,,333000000.0,,,,,,,717000000.0,,16.51,15.96,43430000.0,46660000.0,820768104.149715,,,,,-126000000.0,,
RWE.DE,2024-12-31 00:00:00,24224000000.0,15574000000.0,8650000000.0,,,5020000000.0,-516000000.0,3630000000.0,,,1104000000.0,,1054000000.0,,,,,,,5135000000.0,,6.91,6.91,743554000.0,743554000.0,3247658000.0,,,,,14000000.0,,
SAP.DE,2024-12-31 00:00:00,34176000000.0,9243000000.0,24932000000.0,,,17124000000.0,85000000.0,7808000000.0,,,1031000000.0,,1614000000.0,,,,,,,3124000000.0,,2.68,2.65,1166000000.0,1180000000.0,5376688000.0,,,,,398000000.0,,
SRT3.DE,2024-12-31 00:00:00,3380700000.0,1856300000.0,1524400000.0,,,1087200000.0,24600000.0,437200000.0,,,184100000.0,,49400000.0,,,,,,,84000000.0,,1.21,1.21,34230554.0,34230554.0,128233600.0,,,,,-183300000.0,,
SIE.DE,2024-09-30 00:00:00,75930000000.0,46107000000.0,29823000000.0,,,20358000000.0,514000000.0,9465000000.0,,,1785000000.0,,2320000000.0,,,,,,,8301000000.0,,10.53,10.38,788674000.0,798915000.0,7580840000.0,,,,,808000000.0,,
ENR.DE,2024-09-30 00:00:00,34465000000.0,29962000000.0,4503000000.0,,,4589000000.0,84000000.0,-86000000.0,,,332000000.0,,487000000.0,,,,,,,1184000000.0,,1.37,1.35,862804000.0,874685000.0,-389150000.0,,,,,-303000000.0,,
SHL.DE,2024-09-30 00:00:00,22363000000.0,13895000000.0,8468000000.0,,,5659000000.0,79000000.0,2809000000.0,,,476000000.0,,564000000.0,,,,,,,1942000000.0,,1.74,1.73,1118129000.0,1123447000.0,1942000000.0,,,,,-283000000.0,,
SY1.DE,2024-12-31 00:00:00,4998513000.0,3035074000.0,1963439000.0,,,1254378000.0,19827000.0,709061000.0,,,78393000.0,,163814000.0,,,,,,,478224000.0,,3.42,3.42,139772054.0,139772054.0,476060600.0,,,,,-72037000.0,,
VOW3.DE,2024-12-31 00:00:00,324655000000.0,265184000000.0,59471000000.0,,,37807000000.0,7568000000.0,21664000000.0,,,3446000000.0,,4411000000.0,,,,,,,11351000000.0,,21.36,21.36,501295263.0,501295263.0,14217193000.0,,,,,-1198000000.0,,
VNA.DE,2024-12-31 00:00:00,5939100000.0,3685900000.0,2253200000.0,,,1251700000.0,88200000.0,1001500000.0,,,877100000.0,,385600000.0,,,,,,,-896000000.0,,-1.09,-1.09,819354465.0,819354465.0,-592985000.0,,,,,-820400000.0,,
ZAL.DE,2024-12-31 00:00:00,10572500000.0,6270500000.0,4302000000.0,,,3910100000.0,2438500000.0,391900000.0,,,93400000.0,,116900000.0,,,,,,,251100000.0,,0.97,0.96,259100000.0,261700000.0,245644000.0,,,,,-24000000.0,,
NESN.SW,2024-12-31 00:00:00,91720000000.0,48670000000.0,43050000000.0,,,27437000000.0,399000000.0,15613000000.0,,,1841000000.0,,3314000000.0,,,,,,,10884000000.0,,4.19,4.19,2596000000.0,2599000000.0,11550750000.0,,,,,-1485000000.0,,
ROG.SW,2024-12-31 00:00:00,62395000000.0,16283000000.0,46112000000.0,,,32695000000.0,2495000000.0,13417000000.0,,,1403000000.0,,2606000000.0,,,,,,,8277000000.0,,,,,,8360353000.0,,,,,-1151000000.0,,
NOVN.SW,2024-12-31 00:00:00,51722000000.0,12827000000.0,38895000000.0,,,24351000000.0,1763000000.0,14544000000.0,,,1006000000.0,,1701000000.0,,,,,,,11941000000.0,,5.92,5.87,2018000000.0,2035000000.0,12098500000.0,,,,,-686000000.0,,
CFR.SW,2025-03-31 00:00:00,21399000000.0,7080000000.0,14319000000.0,,,9857000000.0,87000000.0,4462000000.0,,,483000000.0,,727000000.0,,,,,,,2751000000.0,,4.689,4.671,586700000.0,588900000.0,3589320000.0,,,,,-41000000.0,,
ZURN.SW,2024-12-31 00:00:00,77747000000.0,,,,,,2864000000.0,,,,440000000.0,,2261000000.0,,,,,,,5814000000.0,,40.48,40.15,143622281.0,144801127.0,5728614000.0,,,,,-440000000.0,,
UBSG.SW,2024-12-31 00:00:00,45346000000.0,,,,,,,,,,35948000000.0,,1675000000.0,,,,,,,5086000000.0,,1.59,1.52,3198481827.0,3351111970.0,6847344000.0,,,,,7107000000.0,,
ABBN.SW,2024-12-31 00:00:00,32850000000.0,20576000000.0,12274000000.0,,,7177000000.0,,5097000000.0,,,99000000.0,,1278000000.0,,,,,,,3935000000.0,,2.13,2.13,1844000000.0,1851000000.0,3984116000.0,,,,,107000000.0,,
LONN.SW,2024-12-31 00:00:00,6574000000.0,4414000000.0,2160000000.0,,,1252000000.0,81000000.0,908000000.0,,,141000000.0,,117000000.0,,,,,,,636000000.0,,8.93,8.92,71175084.0,71293448.0,690860000.0,,,,,-116000000.0,,
SIKA.SW,2024-12-31 00:00:00,11763100000.0,5347100000.0,6416000000.0,,,4702100000.0,621600000.0,1713900000.0,,,185900000.0,,315400000.0,,,,,,,1245500000.0,,,,,,1245500000.0,,,,,-154500000.0,,
ALC.SW,2024-12-31 00:00:00,9911000000.0,4399000000.0,5512000000.0,,,4099000000.0,-27000000.0,1413000000.0,,,192000000.0,,238000000.0,,,,,,,1018000000.0,,,,,,1041519000.0,,,,,-120000000.0,,
GIVN.SW,2024-12-31 00:00:00,7412000000.0,4141000000.0,3271000000.0,,,1874000000.0,91000000.0,1397000000.0,,,121000000.0,,223000000.0,,,,,,,1090000000.0,,,,,,1016960000.0,,,,,-122000000.0,,
HOLN.SW,2024-12-31 00:00:00,26407000000.0,14732000000.0,11675000000.0,,,7298000000.0,,4377000000.0,,,586000000.0,,981000000.0,,,,,,,2926000000.0,,5.24,5.22,557623740.0,559993317.0,2985731228.244654,,,,,-512000000.0,,
SCMN.SW,2024-12-31 00:00:00,11036000000.0,2314000000.0,8722000000.0,,,6771000000.0,1176000000.0,1951000000.0,,,198000000.0,,320000000.0,,,,,,,1542000000.0,,29.77,29.77,51801712.0,51801712.0,1550280000.0,,,,,-111000000.0,,
PGHN.SW,2024-12-31 00:00:00,2018300000.0,386800000.0,1631500000.0,,,322800000.0,67800000.0,1308700000.0,,,28000000.0,,242200000.0,,,,,,,1127700000.0,,43.4,43.08,25983451.0,26178036.0,1035112500.0,,,,,-24800000.0,,
SREN.SW,2024-12-31 00:00:00,8725000000.0,,,,,,1789000000.0,,,,460000000.0,,895000000.0,,,,,,,3241000000.0,,10.88,10.78,292117239.0,295326710.0,3241000000.0,,,,,-460000000.0,,
SOON.SW,2025-03-31 00:00:00,3865400000.0,1080900000.0,2784500000.0,,,2092600000.0,,691900000.0,,,26500000.0,,105000000.0,,,,,,,540500000.0,,9.07,9.04,59599343.0,59783412.0,540500000.0,,,,,-45400000.0,,
GEBN.SW,2024-12-31 00:00:00,3085500000.0,837600000.0,2247900000.0,,,1486100000.0,290800000.0,761800000.0,,,28800000.0,,140300000.0,,,,,,,597100000.0,,18.06,18.0,33052000.0,33179000.0,597100000.0,,,,,-23900000.0,,
SLHN.SW,2024-12-31 00:00:00,14429000000.0,,,,,,2257000000.0,,,,403000000.0,,376000000.0,,,,,,,1214000000.0,,42.41,42.29,28623171.0,28703909.0,1214770311.54551,,,,,-403000000.0,,
LOGN.SW,2025-03-31 00:00:00,4554900000.0,2592299000.0,1962601000.0,,,1298131000.0,,664470000.0,,,,,75343000.0,,,,,,,631529000.0,,4.17,4.13,151322000.0,152784000.0,645740202.0,,,,,54997000.0,,
KNIN.SW,2024-12-31 00:00:00,24802000000.0,16132000000.0,8670000000.0,,,7018000000.0,219000000.0,1652000000.0,,,37000000.0,,408000000.0,,,,,,,1181000000.0,,9.97,9.95,118485359.0,118748575.0,1179498000.0,,,,,-13000000.0,,
A2A.MI,2024-12-31 00:00:00,12570000000.0,9218000000.0,3352000000.0,,,2009000000.0,542000000.0,1343000000.0,,,165000000.0,,319000000.0,,,,,,,864000000.0,,0.275782,0.275782,3132905277.0,3132905277.0,886834021.46986,,,,,-109000000.0,,
AMP.MI,2024-12-31 00:00:00,2409241000.0,1045406000.0,1363835000.0,,,1110545000.0,472346000.0,253290000.0,,,57756000.0,,51210000.0,,,,,,,145374000.0,,0.64384,0.64214,225791949.0,226388620.0,143173240.0,,,,,-57062000.0,,
AZM.MI,2024-12-31 00:00:00,1332650000.0,477486000.0,855164000.0,,,245229000.0,10770000.0,609935000.0,,,9323000.0,,213183000.0,,,,,,,576165000.0,,4.1,4.1,140499388.0,140499388.0,542542379.305329,,,,,12063000.0,,
BMED.MI,2024-12-31 00:00:00,2419351000.0,,,,,876744000.0,92201000.0,,,,589333000.0,,331065000.0,,,,,,,1119629000.0,,1.515,1.498,739262967.0,747366658.0,1165356606.4,,,,,874925000.0,,
BMPS.MI,2024-12-31 00:00:00,4200436000.0,,,,,2260336000.0,296015000.0,,,,2357199000.0,,-508100000.0,,,,,,,1950783000.0,,1.549,1.549,1259689706.0,1259689706.0,2082750160.0,,,,,2320750000.0,,
BAMI.MI,2024-12-31 00:00:00,5545700000.0,,,,,2677892000.0,22192000.0,,,,,,789594000.0,,,,,,,1713812000.0,,,,,,1751209137.577969,,,,,3440045000.0,,
BPSO.MI,2024-12-31 00:00:00,1786564000.0,,,,,775712000.0,129421000.0,,,,1027928000.0,,265788000.0,,,,,,,574942000.0,,1.277,1.277,449737600.0,449737600.0,594510097.0,,,,,1090104000.0,,
BPE.MI,2024-12-31 00:00:00,5988370000.0,,,,,3310492000.0,491569000.0,,,,1636667000.0,,615470000.0,,,,,,,1402649000.0,,0.991,0.968,1415505208.0,1448994996.0,1662698414.8,,,,,3376876000.0,,
BC.MI,2024-12-31 00:00:00,1278540000.0,99383000.0,1179157000.0,,,962768000.0,398069000.0,216389000.0,,,28961000.0,,51224000.0,,,,,,,119478000.0,,,,,,126425711.495129,,,,,-25231000.0,,
BZU.MI,2024-12-31 00:00:00,4313037000.0,1491699000.0,2821338000.0,,,1831043000.0,919791000.0,990295000.0,,,48882000.0,,150737000.0,,,,,,,942316000.0,,5.14,5.14,183319589.0,183319589.0,942112568.0,,,,,27143000.0,,
CPR.MI,2024-12-31 00:00:00,3069800000.0,1303000000.0,1766800000.0,,,1171500000.0,-3000000.0,595300000.0,,,110100000.0,,63000000.0,,,,,,,201600000.0,,0.17,0.17,1200346949.0,1250652701.0,345840200.0,,,,,-80000000.0,,
DIA.MI,2024-12-31 00:00:00,1185427000.0,403726000.0,781701000.0,,,516655000.0,9317000.0,265046000.0,,,27555000.0,,55391000.0,,,,,,,188105000.0,,3.469905,3.469905,53891959.0,53891959.0,193360040.0,,,,,-15877000.0,,
ENEL.MI,2024-12-31 00:00:00,70649000000.0,32768000000.0,37881000000.0,,,27030000000.0,16706000000.0,10851000000.0,,,3451000000.0,,3654000000.0,,,,,,,7016000000.0,,0.67,0.67,10156150983.0,10156150983.0,1153570000.0,,,,,-3306000000.0,,
ENI.MI,2024-12-31 00:00:00,88797000000.0,78714000000.0,10083000000.0,,,3430000000.0,,6653000000.0,,,8980000000.0,,3725000000.0,,,,,,,2624000000.0,,0.79,0.78,3167006396.0,3230351393.0,4245840000.0,,,,,-1265000000.0,,
RACE.MI,2024-12-31 00:00:00,6676668000.0,3329483000.0,3347185000.0,,,1467679000.0,12443000.0,1879506000.0,,,40054000.0,,363043000.0,,,,,,,1521877000.0,,8.47,8.46,179743000.0,179992000.0,1527562088.0,,,,,8241000.0,,
FBK.MI,2024-12-31 00:00:00,1523534000.0,,,,,581861000.0,221492000.0,,,,121332000.0,,286999000.0,,,,,,,652285000.0,,,,,,652528057.211663,,,,,708719000.0,,
G.MI,2024-12-31 00:00:00,59677000000.0,,,,,,1106000000.0,,,,1150000000.0,,1843000000.0,,,,,,,3724000000.0,,2.42,2.42,1538690704.0,1539534441.0,4141550000.0,,,,,-1066000000.0,,
HER.MI,2024-12-31 00:00:00,13058400000.0,7135800000.0,5922600000.0,,,5076800000.0,3933300000.0,845800000.0,,,157900000.0,,200300000.0,,,,,,,494500000.0,,0.343,0.343,1441374819.0,1441374819.0,487729600.0,,,,,-131200000.0,,
IP.MI,2024-12-31 00:00:00,2078399000.0,1364753000.0,713646000.0,,,379807000.0,11538000.0,333839000.0,,,43082000.0,,82562000.0,,,,,,,227051000.0,,92.123,92.119,106740931.0,106740931.0,224427050.0,,,,,-29744000.0,,
ISP.MI,2024-12-31 00:00:00,28294000000.0,,,,,14875000000.0,2500000000.0,,,,16512000000.0,,3399000000.0,,,,,,,8666000000.0,,0.487455,0.487455,17778041443.0,17778041443.0,8757904000.0,,,,,18090000000.0,,
INW.MI,2024-12-31 00:00:00,1036036000.0,24746000.0,1011290000.0,,,446679000.0,34016000.0,564611000.0,,,123657000.0,,70493000.0,,,,,,,353938000.0,,0.355,0.355,997008451.0,997008451.0,358668523.799536,,,,,-134623000.0,,
IG.MI,2024-12-31 00:00:00,2513863000.0,581380000.0,1932483000.0,,,1126140000.0,69006000.0,806343000.0,,,133745000.0,,165257000.0,,,,,,,478854000.0,,0.554338,0.554338,863913553.0,863913553.0,497034977.876948,,,,,-121045000.0,,
IVG.MI,2024-12-31 00:00:00,15289000000.0,12637000000.0,2652000000.0,,,1617000000.0,,1035000000.0,,,236000000.0,,70000000.0,,,,,,,349000000.0,,1.31,1.29,267000000.0,271000000.0,566860000.0,,,,,-132000000.0,,
LDO.MI,2024-12-31 00:00:00,17763000000.0,15747000000.0,2016000000.0,,,705000000.0,227000000.0,1311000000.0,,,141000000.0,,289000000.0,,,,,,,1074000000.0,,1.865,1.865,575777000.0,575777000.0,1180818810.511757,,,,,177000000.0,,
MB.MI,2024-06-30 00:00:00,2849500000.0,,,,,1420400000.0,7300000.0,,,,,,394400000.0,,,,,,,1026000000.0,,1.53,1.53,670588235.0,670588235.0,1026000000.0,,,,,1801000000.0,,
MONC.MI,2024-12-31 00:00:00,3108924000.0,682367000.0,2426557000.0,,,1502733000.0,,923824000.0,,,33777000.0,,270213000.0,,,,,,,639596000.0,,2.363565,2.363565,270606444.0,270606444.0,644868500.0,,,,,-4812000.0,,
NEXI.MI,2024-12-31 00:00:00,6197606000.0,2501778000.0,3695828000.0,,,2956565000.0,168571000.0,739263000.0,,,388896000.0,,217483000.0,,,,,,,167361000.0,,0.13,0.13,1280958000.0,1358053000.0,248000400.0,,,,,-266308000.0,,
PIRC.MI,2024-12-31 00:00:00,6773324000.0,2551868000.0,4221456000.0,,,3515886000.0,942973000.0,705570000.0,,,191954000.0,,146689000.0,,,,,,,467981000.0,,0.47,0.47,995744681.0,995744681.0,420613748.0,,,,,-253092000.0,,
PST.MI,2024-12-31 00:00:00,22535000000.0,18459000000.0,4076000000.0,,,1101000000.0,329000000.0,2975000000.0,,,52000000.0,,658000000.0,,,,,,,1994000000.0,,1.54,1.54,1294805195.0,1294805195.0,2339148800.0,,,,,130000000.0,,
PRY.MI,2024-12-31 00:00:00,17026000000.0,10740000000.0,6286000000.0,,,5131000000.0,2340000000.0,1155000000.0,,,214000000.0,,233000000.0,,,,,,,729000000.0,,2.59,2.52,281540000.0,290647000.0,759480000.0,,,,,-207000000.0,,
REC.MI,2024-12-31 00:00:00,2341559000.0,741287000.0,1600272000.0,,,940402000.0,,659870000.0,,,81161000.0,,130676000.0,,,,,,,416508000.0,,2.019,1.992,206316241.0,209090361.0,437633360.0,,,,,-75584000.0,,
SPM.MI,2024-12-31 00:00:00,14549000000.0,11836000000.0,2713000000.0,,,2057000000.0,-1000000.0,656000000.0,,,181000000.0,,190000000.0,,,,,,,306000000.0,,,,,,380032258.064516,,,,,-72000000.0,,
SRG.MI,2024-12-31 00:00:00,3548000000.0,432000000.0,3116000000.0,,,1346000000.0,83000000.0,1770000000.0,,,437000000.0,,422000000.0,,,,,,,1259000000.0,,0.375328,0.375328,3354396370.0,3354396370.0,1329500000.0,,,,,-331000000.0,,
STLAM.MI,2024-12-31 00:00:00,156878000000.0,136360000000.0,20518000000.0,,,15083000000.0,,5435000000.0,,,1523000000.0,,-1488000000.0,,,,,,,5473000000.0,,1.871407,1.84,2949652000.0,2975820000.0,6839764000.0,,,,,472000000.0,,
STMMI.MI,2024-12-31 00:00:00,13269000000.0,8049000000.0,5220000000.0,,,3726000000.0,,1494000000.0,,,85000000.0,,313000000.0,,,,,,,1557000000.0,,1.73,1.66,901210072.0,939345283.0,1610120000.0,,,,,218000000.0,,
TIT.MI,2024-12-31 00:00:00,14442000000.0,7710000000.0,6732000000.0,,,4790000000.0,421000000.0,1942000000.0,,,1353000000.0,,174000000.0,,,,,,,-610000000.0,,-0.03,-0.03,21259378790.0,21260815393.0,55880000.0,,,,,-1404000000.0,,
TEN.MI,2024-12-31 00:00:00,12523934000.0,8135489000.0,4388445000.0,,,1869010000.0,-6008000.0,2519435000.0,,,61212000.0,,479680000.0,,,,,,,2036445000.0,,1.81,1.81,1127490970.0,1127490970.0,2072068018.621113,,,,,67904000.0,,
TRN.MI,2024-12-31 00:00:00,3646900000.0,305200000.0,3341700000.0,,,1669600000.0,352700000.0,1672100000.0,,,274400000.0,,455000000.0,,,,,,,1061900000.0,,0.523,0.523,2006064004.0,2006064004.0,1057908200.0,,,,,-175500000.0,,
UCG.MI,2024-12-31 00:00:00,26579000000.0,,,,,12051000000.0,1200000000.0,,,,20167000000.0,,3086000000.0,,,,,,,9719000000.0,,5.841,5.781,1621646008.0,1638481480.0,10948730326.59409,,,,,14671000000.0,,
UNI.MI,2024-12-31 00:00:00,11654000000.0,,,,,,928000000.0,,,,,,197000000.0,,,,,,,1074000000.0,,1.46,1.46,716000000.0,716000000.0,1708846000.0,,,,,,,
ABB.ST,2024-12-31 00:00:00,32850000000.0,20576000000.0,12274000000.0,,,7177000000.0,,5097000000.0,,,99000000.0,,1278000000.0,,,,,,,3935000000.0,,2.13,2.13,1844000000.0,1851000000.0,3984116000.0,,,,,107000000.0,,
ADDT-B.ST,2025-03-31 00:00:00,21796000000.0,14804000000.0,6992000000.0,,,4252000000.0,6000000.0,2740000000.0,,,271000000.0,,575000000.0,,,,,,,1892000000.0,,7.0,7.0,269828982.0,270332000.0,1870412000.0,,,,,-249000000.0,,
ALFA.ST,2024-12-31 00:00:00,66953000000.0,43747000000.0,23207000000.0,,,12804000000.0,1940000000.0,10403000000.0,,,493000000.0,,2564000000.0,,,,,,,7391000000.0,,17.88,17.88,413326315.0,413326315.0,7381334533.813525,,,,,-323000000.0,,
ASSA-B.ST,2024-12-31 00:00:00,150162000000.0,87434000000.0,62728000000.0,,,38217000000.0,29000000.0,24511000000.0,,,3467000000.0,,5272000000.0,,,,,,,15639000000.0,,14.08,14.08,1110776000.0,1110776000.0,15763256000.0,,,,,-3412000000.0,,
AZN.ST,2024-12-31 00:00:00,54073000000.0,10207000000.0,43866000000.0,,,33615000000.0,121000000.0,10251000000.0,,,1682000000.0,,1650000000.0,,,,,,,7035000000.0,,4.54,4.5,1550000000.0,1563000000.0,7158952709.699689,,,,,-1337000000.0,,
ATCO-A.ST,2024-12-31 00:00:00,176771000000.0,101027000000.0,75744000000.0,,,37886000000.0,276000000.0,37858000000.0,,,918000000.0,,8006000000.0,,,,,,,29782000000.0,,6.11,6.1,4873635218.0,4881653895.0,29575544000.0,,,,,-261000000.0,,
ATCO-B.ST,2024-12-31 00:00:00,176771000000.0,101027000000.0,75744000000.0,,,37886000000.0,276000000.0,37858000000.0,,,918000000.0,,8006000000.0,,,,,,,29782000000.0,,6.11,6.1,4873635218.0,4881653895.0,29575544000.0,,,,,-261000000.0,,
BOL.ST,2024-12-31 00:00:00,89207000000.0,76305000000.0,12903000000.0,,,2832000000.0,507000000.0,10071000000.0,,,1243000000.0,,2529000000.0,,,,,,,10022000000.0,,36.65,36.65,273471169.0,273471169.0,7354139000.0,,,,,-1136000000.0,,
EPI-A.ST,2024-12-31 00:00:00,63604000000.0,40658000000.0,22946000000.0,,,11138000000.0,95000000.0,11808000000.0,,,932000000.0,,2683000000.0,,,,,,,8731000000.0,,7.23,7.23,1207844000.0,1208363000.0,8524450000.0,,,,,-609000000.0,,
EQT.ST,2024-12-31 00:00:00,2653000000.0,844000000.0,1809000000.0,,,693000000.0,159000000.0,1116000000.0,,,,,123000000.0,,,,,,,776000000.0,,,,,,958994438.264739,,,,,-5000000.0,,
ERIC-B.ST,2024-12-31 00:00:00,247880000000.0,138515000000.0,109365000000.0,,,103128000000.0,-2043000000.0,6237000000.0,,,3554000000.0,,2215000000.0,,,,,,,20000000.0,,0.01,0.01,3332000000.0,3339000000.0,1525424000.0,,,,,-1506000000.0,,
ESSITY-B.ST,2024-12-31 00:00:00,145546000000.0,98412000000.0,47134000000.0,,,28461000000.0,,18673000000.0,,,2270000000.0,,4331000000.0,,,,,,,20888000000.0,,29.83,29.83,700300000.0,700300000.0,12220655000.0,,,,,-1915000000.0,,
EVO.ST,2024-12-31 00:00:00,2063085000.0,-49197000.0,2112282000.0,,,843787000.0,214089000.0,1268495000.0,,,6370000.0,,194909000.0,,,,,,,1244015000.0,,5.94,5.91,209562751.0,210473394.0,1113349830.0,,,,,15676000.0,,
SHB-A.ST,2024-12-31 00:00:00,62314000000.0,,,,,27466000000.0,9213000000.0,,,,124283000000.0,,7795000000.0,,,,,,,27451000000.0,,13.86,13.86,1980000000.0,1980000000.0,27575974000.0,,,,,46841000000.0,,
HM-B.ST,2024-11-30 00:00:00,234478000000.0,109179000000.0,125299000000.0,,,107915000000.0,,17384000000.0,,,2753000000.0,,3859000000.0,,,,,,,11621000000.0,,7.21,7.21,1611695000.0,1611695000.0,11621000000.0,,,,,-1863000000.0,,
HEXA-B.ST,2024-12-31 00:00:00,5401100000.0,1791400000.0,3609700000.0,,,2124400000.0,6600000.0,1485300000.0,,,171500000.0,,227100000.0,,,,,,,1023400000.0,,0.381,0.378,2684378000.0,2705478000.0,1067434000.0,,,,,-170100000.0,,
INDU-C.ST,2024-12-31 00:00:00,12735000000.0,,,,,13000000.0,13000000.0,,,,181000000.0,,68000000.0,,,,,,,12654000000.0,,29.3,29.3,431899108.0,431899108.0,12654000000.0,,,,,-119000000.0,,
INVE-B.ST,2024-12-31 00:00:00,168909000000.0,,,,,54523000000.0,717000000.0,,,,3919000000.0,,1217000000.0,,,,,,,113338000000.0,,37.0,36.98,3063000000.0,3063000000.0,113338000000.0,,,,,-2974000000.0,,
LIFCO-B.ST,2024-12-31 00:00:00,26137000000.0,14548000000.0,11589000000.0,,,6692000000.0,121000000.0,4897000000.0,,,516000000.0,,1105000000.0,,,,,,,3301000000.0,,7.27,7.27,454216300.0,454216300.0,3301000000.0,,,,,-463000000.0,,
NIBE-B.ST,2024-12-31 00:00:00,40521000000.0,29547000000.0,10974000000.0,,,9156000000.0,,1818000000.0,,,1419000000.0,,374000000.0,,,,,,,1173000000.0,,0.58,0.58,2016066488.0,2016066488.0,715772000.0,,,,,-1187000000.0,,
NDA-SE.ST,2024-12-31 00:00:00,12039000000.0,,,,,5315000000.0,117000000.0,,,,13486000000.0,,1489000000.0,,,,,,,5059000000.0,,1.44,1.44,3501000000.0,3505000000.0,5049724000.0,,,,,7594000000.0,,
SAAB-B.ST,2024-12-31 00:00:00,63751000000.0,50088000000.0,13663000000.0,,,8065000000.0,5000000.0,5598000000.0,,,559000000.0,,1079000000.0,,,,,,,4171000000.0,,7.81,7.74,534008000.0,539218000.0,4374776000.0,,,,,-107000000.0,,
SAND.ST,2024-12-31 00:00:00,122878000000.0,73742000000.0,49136000000.0,,,29984000000.0,597000000.0,19152000000.0,,,2551000000.0,,4216000000.0,,,,,,,12243000000.0,,9.76,9.75,1254386000.0,1255986000.0,12522000000.0,,,,,-1957000000.0,,
SCA-B.ST,2024-12-31 00:00:00,20232000000.0,3136000000.0,17096000000.0,,,12084000000.0,10421000000.0,5012000000.0,,,550000000.0,,882000000.0,,,,,,,3639000000.0,,5.18,5.18,702000000.0,702000000.0,3639000000.0,,,,,-507000000.0,,
SEB-A.ST,2024-12-31 00:00:00,81610000000.0,,,,,34480000000.0,10552000000.0,,,,104153000000.0,,10178000000.0,,,,,,,35865000000.0,,17.51,17.33,2049000000.0,2070000000.0,36292671000.0,,,,,45250000000.0,,
SKA-B.ST,2024-12-31 00:00:00,176481000000.0,162001000000.0,14480000000.0,,,8714000000.0,4000000.0,5766000000.0,,,407000000.0,,1831000000.0,,,,,,,5552000000.0,,13.51,13.4,410828510.0,414305022.0,5552000000.0,,,,,646000000.0,,
SKF-B.ST,2024-12-31 00:00:00,98722000000.0,71349000000.0,27373000000.0,,,16821000000.0,271000000.0,10552000000.0,,,1089000000.0,,2202000000.0,,,,,,,6474000000.0,,14.22,14.22,455351068.0,455351068.0,6457324000.0,,,,,-854000000.0,,
SWED-A.ST,2024-12-31 00:00:00,73332000000.0,,,,,29330000000.0,4081000000.0,,,,70732000000.0,,9320000000.0,,,,,,,34869000000.0,,30.99,30.86,1125239008.0,1129775275.0,35545173000.0,,,,,47643000000.0,,
TEL2-B.ST,2024-12-31 00:00:00,29582000000.0,16854000000.0,12729000000.0,,,6655000000.0,6000000.0,6074000000.0,,,1197000000.0,,915000000.0,,,,,,,3870000000.0,,5.59,5.56,692171210.0,696552645.0,4038978000.0,,,,,-1067000000.0,,
TELIA.ST,2024-12-31 00:00:00,89127000000.0,33473000000.0,55654000000.0,,,45299000000.0,4288000000.0,10355000000.0,,,4830000000.0,,1239000000.0,,,,,,,7079000000.0,,1.8,1.8,3932109000.0,3932109000.0,4430515000.0,,,,,-3713000000.0,,
VOLV-B.ST,2024-12-31 00:00:00,526816000000.0,382767000000.0,144049000000.0,,,74347000000.0,1761000000.0,69702000000.0,,,1592000000.0,,16634000000.0,,,,,,,50389000000.0,,24.78,24.78,2033000000.0,2033000000.0,50903299000.0,,,,,485000000.0,,
ABN.AS,2024-12-31 00:00:00,8896000000.0,,,,,5373000000.0,-58000000.0,,,,10604000000.0,,1013000000.0,,,,,,,2403000000.0,,2.72,2.714625,841000000.0,841000000.0,2497336000.0,,,,,6505000000.0,,
ADYEN.AS,2024-12-31 00:00:00,2225601000.0,237826000.0,1987775000.0,,,1115264000.0,189681000.0,872511000.0,,,26740000.0,,301567000.0,,,,,,,925163000.0,,,,,,925163000.0,,,,,353084000.0,,
AGN.AS,2024-12-31 00:00:00,19519000000.0,,,,,,-158000000.0,,,,6000000.0,,-16000000.0,,,,,,,688000000.0,,0.37,0.37,2010000000.0,2010000000.0,688000000.0,,,,,-6000000.0,,
AD.AS,2024-12-31 00:00:00,89357000000.0,65551000000.0,23805000000.0,,,21453000000.0,,2352000000.0,,,782000000.0,,481000000.0,,,,,,,1764000000.0,,1.9,1.89,930000000.0,933000000.0,1764783000.0,,,,,-561000000.0,,
AKZA.AS,2024-12-31 00:00:00,10711000000.0,6374000000.0,4337000000.0,,,3420000000.0,6000000.0,917000000.0,,,190000000.0,,246000000.0,,,,,,,542000000.0,,3.17,3.16,170728870.0,171612875.0,532670000.0,,,,,-70000000.0,,
ASM.AS,2024-12-31 00:00:00,2932724000.0,1451351000.0,1481373000.0,,,679238000.0,,802135000.0,,,1884000.0,,182168000.0,,,,,,,685734000.0,,13.95,13.89,49165000.0,49386000.0,692605420.0,,,,,19774000.0,,
ASML.AS,2024-12-31 00:00:00,28262900000.0,13770900000.0,14492000000.0,,,5469400000.0,,9022600000.0,,,162600000.0,,1680600000.0,,,,,,,7571600000.0,,19.25,19.24,393300000.0,393600000.0,7571600000.0,,,,,19800000.0,,
ASRNL.AS,2024-12-31 00:00:00,20635000000.0,,,,,,714000000.0,,,,4031000000.0,,383000000.0,,,,,,,882000000.0,,,,,,1003000000.0,,,,,-4031000000.0,,
BESI.AS,2024-12-31 00:00:00,607473000.0,211529000.0,395944000.0,,,200353000.0,,195591000.0,,,16667000.0,,6528000.0,,,,,,,181992000.0,,2.31,2.3,78877471.0,81889907.0,188609970.0,,,,,646000.0,,
DSFIR.AS,2024-12-31 00:00:00,12799000000.0,8554000000.0,4245000000.0,,,,,561000000.0,,,,,147000000.0,,,,,,,250000000.0,,,,,264600000.0,250000000.0,,,,,,,
EXO.AS,2024-12-31 00:00:00,0.0,0.0,0.0,,,58000000.0,,-58000000.0,,,113000000.0,,91000000.0,,,,,,,14671000000.0,,68.27,67.0,214883000.0,218957000.0,921000000.0,,,,,-69000000.0,,
HEIA.AS,2024-12-31 00:00:00,29821000000.0,19313000000.0,10508000000.0,,,7071000000.0,,3437000000.0,,,680000000.0,,846000000.0,,,,,,,978000000.0,,,,,,978000000.0,,,,,-805000000.0,,
IMCD.AS,2024-12-31 00:00:00,4727602000.0,3525206000.0,1202396000.0,,,777287000.0,79339000.0,425109000.0,,,72546000.0,,101768000.0,,,,,,,278243000.0,,,,,,249371072.745551,,,,,-70516000.0,,
INGA.AS,2024-12-31 00:00:00,22527000000.0,,,,,,,,,,43882000000.0,,2650000000.0,,,,,,,6392000000.0,,1.98,1.98,3228700000.0,3228700000.0,6653690000.0,,,,,15023000000.0,,
KPN.AS,2024-12-31 00:00:00,5603000000.0,1514000000.0,4089000000.0,,,2712000000.0,412000000.0,1377000000.0,,,278000000.0,,238000000.0,,,,,,,848000000.0,,0.2,0.2,3897111038.0,3900456571.0,905159000.0,,,,,-218000000.0,,
NN.AS,2024-12-31 00:00:00,,,,,,,,,,,,,334000000.0,,,,,,,1583000000.0,,,,,,1656645661.157025,,,,,,,
PHIA.AS,2024-12-31 00:00:00,18021000000.0,10248000000.0,7773000000.0,,,7260000000.0,445000000.0,513000000.0,,,337000000.0,,963000000.0,,,,,,,-702000000.0,,-0.75,-0.75,933370814.0,933370814.0,-837322000.0,,,,,-257000000.0,,
PRX.AS,2025-03-31 00:00:00,6170000000.0,3546000000.0,2624000000.0,,,2463000000.0,,161000000.0,,,549000000.0,,179000000.0,,,,,,,12367000000.0,,5.14,5.11,2404912826.0,2404912826.0,7666540000.0,,,,,412000000.0,,
RAND.AS,2024-12-31 00:00:00,24122000000.0,19421000000.0,4701000000.0,,,4204000000.0,39000000.0,497000000.0,,,91000000.0,,67000000.0,,,,,,,123000000.0,,0.65,0.65,176100000.0,177100000.0,385264000.0,,,,,-89000000.0,,
REN.AS,2024-12-31 00:00:00,9434000000.0,3300000000.0,6134000000.0,,,3316000000.0,,2818000000.0,,,281000000.0,,613000000.0,,,,,,,1934000000.0,,1.036,1.031,1865900000.0,1876700000.0,1955287446.226046,,,,,-276000000.0,,
SHELL.AS,2024-12-31 00:00:00,284312000000.0,238371000000.0,45941000000.0,,,15949000000.0,2411000000.0,29992000000.0,,,4858000000.0,,13401000000.0,,,,,,,16094000000.0,,2.55,2.53,6299600000.0,6363700000.0,16256750000.0,,,,,-2397000000.0,,
UMG.AS,2024-12-31 00:00:00,11834000000.0,6746000000.0,5088000000.0,,,3313000000.0,,1775000000.0,,,187000000.0,,778000000.0,,,,,,,2086000000.0,,,,,,2086000000.0,,,,,1092000000.0,,
UNA.AS,2024-12-31 00:00:00,60761000000.0,33391000000.0,27370000000.0,,,16120000000.0,,11250000000.0,,,1118000000.0,,2500000000.0,,,,,,,5744000000.0,,,,,,7226198218.513925,,,,,-680000000.0,,
WKL.AS,2024-12-31 00:00:00,5916000000.0,1626000000.0,4290000000.0,,,2839000000.0,,1451000000.0,,,,,299000000.0,,,,,,,1079000000.0,,4.54,4.52,237500000.0,238400000.0,1086830000.0,,,,,-65000000.0,,
